date,racetrack,event_name,grade,event_type
2020/1/2,川口,平成３１年度川口市営第１３回第２節,普通,デイ
2020/1/2,浜松,平成３１年度浜松市営第８回第１節,普通,デイ
2020/1/3,川口,平成３１年度川口市営第１３回第２節,普通,デイ
2020/1/3,浜松,平成３１年度浜松市営第８回第１節,普通,デイ
2020/1/4,川口,平成３１年度川口市営第１３回第２節,普通,デイ
2020/1/4,浜松,平成３１年度浜松市営第８回第１節,普通,デイ
2020/1/5,川口,平成３１年度川口市営第１３回第２節,普通,デイ
2020/1/5,浜松,平成３１年度浜松市営第８回第１節,普通,デイ
2020/1/6,飯塚,平成３１年度飯塚市営第７回第１節,普通,デイ
2020/1/7,飯塚,平成３１年度飯塚市営第７回第１節,普通,デイ
2020/1/8,飯塚,平成３１年度飯塚市営第７回第１節,普通,デイ
2020/1/9,伊勢崎,ＧⅠ開場記念シルクカップ,GI,デイ
2020/1/10,伊勢崎,ＧⅠ開場記念シルクカップ,GI,デイ
2020/1/11,伊勢崎,ＧⅠ開場記念シルクカップ,GI,デイ
2020/1/12,伊勢崎,ＧⅠ開場記念シルクカップ,GI,デイ
2020/1/13,伊勢崎,ＧⅠ開場記念シルクカップ,GI,デイ
2020/1/14,飯塚,平成３１年度飯塚市営第７回第２節,普通,デイ
2020/1/15,飯塚,平成３１年度飯塚市営第７回第２節,普通,デイ
2020/1/16,飯塚,平成３１年度飯塚市営第７回第２節,普通,デイ
2020/1/17,浜松,平成３１年度浜松市営第７回第２節,普通,デイ
2020/1/18,山陽,平成３１年度山陽小野田市営第８回第２節,普通,デイ
2020/1/18,浜松,平成３１年度浜松市営第７回第２節,普通,デイ
2020/1/19,山陽,平成３１年度山陽小野田市営第８回第２節,普通,デイ
2020/1/19,浜松,平成３１年度浜松市営第７回第２節,普通,デイ
2020/1/20,伊勢崎,平成３１年度伊勢崎市営第９回第１節,普通,デイ
2020/1/20,山陽,平成３１年度山陽小野田市営第８回第２節,普通,デイ
2020/1/21,伊勢崎,平成３１年度伊勢崎市営第９回第１節,普通,デイ
2020/1/21,山陽,平成３１年度山陽小野田市営第８回第２節,普通,デイ
2020/1/22,伊勢崎,平成３１年度伊勢崎市営第９回第１節,普通,デイ
2020/1/23,伊勢崎,平成３１年度伊勢崎市営第９回第１節,普通,デイ
2020/1/24,山陽,平成３１年度山陽小野田市営第６回第１節,普通,デイ
2020/1/25,山陽,平成３１年度山陽小野田市営第６回第１節,普通,デイ
2020/1/26,山陽,平成３１年度山陽小野田市営第６回第１節,普通,デイ
2020/1/27,浜松,平成３１年度浜松市営第９回第１節,普通,デイ
2020/1/28,浜松,平成３１年度浜松市営第９回第１節,普通,デイ
2020/1/29,浜松,平成３１年度浜松市営第９回第１節,普通,デイ
2020/1/30,飯塚,平成３１年度飯塚市営第８回第１節,普通,デイ
2020/1/31,伊勢崎,平成３１年度伊勢崎市営第１１回第１節,普通,ナイター
2020/1/31,飯塚,平成３１年度飯塚市営第８回第１節,普通,デイ
2020/2/1,伊勢崎,平成３１年度伊勢崎市営第１１回第１節,普通,ナイター
2020/2/1,飯塚,平成３１年度飯塚市営第８回第１節,普通,デイ
2020/2/2,伊勢崎,平成３１年度伊勢崎市営第１１回第１節,普通,ナイター
2020/2/2,飯塚,平成３１年度飯塚市営第８回第１節,普通,デイ
2020/2/3,浜松,平成３１年度浜松市営第８回第２節,普通,デイ
2020/2/4,浜松,平成３１年度浜松市営第８回第２節,普通,デイ
2020/2/5,浜松,平成３１年度浜松市営第８回第２節,普通,デイ
2020/2/6,浜松,平成３１年度浜松市営第８回第２節,普通,デイ
2020/2/7,伊勢崎,平成３１年度伊勢崎市営第１１回第２節,普通,ナイター
2020/2/7,飯塚,ＧⅠ開設記念レース,GI,デイ
2020/2/8,伊勢崎,平成３１年度伊勢崎市営第１１回第２節,普通,ナイター
2020/2/8,飯塚,ＧⅠ開設記念レース,GI,デイ
2020/2/9,伊勢崎,平成３１年度伊勢崎市営第１１回第２節,普通,ナイター
2020/2/9,飯塚,ＧⅠ開設記念レース,GI,デイ
2020/2/10,飯塚,ＧⅠ開設記念レース,GI,デイ
2020/2/11,飯塚,ＧⅠ開設記念レース,GI,デイ
2020/2/13,飯塚,平成３１年度飯塚市営第９回第１節,普通,デイ
2020/2/14,飯塚,平成３１年度飯塚市営第９回第１節,普通,デイ
2020/2/15,飯塚,平成３１年度飯塚市営第９回第１節,普通,デイ
2020/2/16,浜松,平成３１年度浜松市営第９回第２節,普通,デイ
2020/2/16,飯塚,平成３１年度飯塚市営第９回第１節,普通,デイ
2020/2/17,浜松,平成３１年度浜松市営第９回第２節,普通,デイ
2020/2/18,浜松,平成３１年度浜松市営第９回第２節,普通,デイ
2020/2/19,伊勢崎,平成３１年度伊勢崎市営第１０回第１節,普通,デイ
2020/2/20,伊勢崎,平成３１年度伊勢崎市営第１０回第１節,普通,デイ
2020/2/21,伊勢崎,平成３１年度伊勢崎市営第１０回第１節,普通,デイ
2020/2/22,山陽,ＧⅡ若獅子杯争奪戦,GII,デイ
2020/2/23,山陽,ＧⅡ若獅子杯争奪戦,GII,デイ
2020/2/24,伊勢崎,平成３１年度伊勢崎市営第１１回第３節,普通,ナイター
2020/2/24,山陽,ＧⅡ若獅子杯争奪戦,GII,デイ
2020/2/25,伊勢崎,平成３１年度伊勢崎市営第１１回第３節,普通,ナイター
2020/2/25,山陽,ＧⅡ若獅子杯争奪戦,GII,デイ
2020/2/26,伊勢崎,平成３１年度伊勢崎市営第１１回第３節,普通,ナイター
2020/2/26,山陽,ＧⅡ若獅子杯争奪戦,GII,デイ
2020/2/27,浜松,平成３１年度浜松市営第１０回第１節,普通,デイ
2020/2/28,浜松,平成３１年度浜松市営第１０回第１節,普通,デイ
2020/2/29,浜松,平成３１年度浜松市営第１０回第１節,普通,デイ
2020/2/29,飯塚,平成３１年度飯塚市営第９回第２節,普通,デイ
2020/3/1,浜松,平成３１年度浜松市営第１０回第１節,普通,デイ
2020/3/1,飯塚,平成３１年度飯塚市営第９回第２節,普通,デイ
2020/3/2,飯塚,平成３１年度飯塚市営第９回第２節,普通,デイ
2020/3/3,飯塚,平成３１年度飯塚市営第９回第２節,普通,デイ
2020/3/4,伊勢崎,ＧⅡレジェンドカップ,GII,デイ
2020/3/5,伊勢崎,ＧⅡレジェンドカップ,GII,デイ
2020/3/5,山陽,平成３１年度山陽小野田市営第９回第１節,普通,デイ
2020/3/6,伊勢崎,ＧⅡレジェンドカップ,GII,デイ
2020/3/6,山陽,平成３１年度山陽小野田市営第９回第１節,普通,デイ
2020/3/7,伊勢崎,ＧⅡレジェンドカップ,GII,デイ
2020/3/7,山陽,平成３１年度山陽小野田市営第９回第１節,普通,デイ
2020/3/8,伊勢崎,ＧⅡレジェンドカップ,GII,デイ
2020/3/8,山陽,平成３１年度山陽小野田市営第９回第１節,普通,デイ
2020/3/9,浜松,平成３１年度浜松市営第９回第３節,普通,デイ
2020/3/10,浜松,平成３１年度浜松市営第９回第３節,普通,デイ
2020/3/11,浜松,平成３１年度浜松市営第９回第３節,普通,デイ
2020/3/12,飯塚,平成３１年度飯塚市営第１０回第１節,普通,デイ
2020/3/13,飯塚,平成３１年度飯塚市営第１０回第１節,普通,デイ
2020/3/14,飯塚,平成３１年度飯塚市営第１０回第１節,普通,デイ
2020/3/15,伊勢崎,平成３１年度伊勢崎市営第１０回第２節,普通,デイ
2020/3/15,飯塚,平成３１年度飯塚市営第１０回第１節,普通,デイ
2020/3/16,伊勢崎,平成３１年度伊勢崎市営第１０回第２節,普通,デイ
2020/3/17,伊勢崎,平成３１年度伊勢崎市営第１０回第２節,普通,デイ
2020/3/18,飯塚,特別ＧⅠ共同通信社杯プレミアムカップ,GI,デイ
2020/3/19,飯塚,特別ＧⅠ共同通信社杯プレミアムカップ,GI,デイ
2020/3/20,飯塚,特別ＧⅠ共同通信社杯プレミアムカップ,GI,デイ
2020/3/21,飯塚,特別ＧⅠ共同通信社杯プレミアムカップ,GI,デイ
2020/3/22,飯塚,特別ＧⅠ共同通信社杯プレミアムカップ,GI,デイ
2020/3/23,浜松,平成３１年度浜松市営第１０回第２節,普通,デイ
2020/3/24,浜松,平成３１年度浜松市営第１０回第２節,普通,デイ
2020/3/24,飯塚,平成３１年度飯塚市営第１８回第１節,普通,デイ
2020/3/25,浜松,平成３１年度浜松市営第１０回第２節,普通,デイ
2020/3/25,飯塚,平成３１年度飯塚市営第１８回第１節,普通,デイ
2020/3/26,浜松,平成３１年度浜松市営第１０回第２節,普通,デイ
2020/3/26,飯塚,平成３１年度飯塚市営第１８回第１節,普通,デイ
2020/3/27,伊勢崎,平成３１年度伊勢崎市営第１０回第３節,普通,デイ
2020/3/28,伊勢崎,平成３１年度伊勢崎市営第１０回第３節,普通,デイ
2020/3/29,伊勢崎,平成３１年度伊勢崎市営第１０回第３節,普通,デイ
2020/3/29,飯塚,平成３１年度飯塚市営第７回第３節,普通,デイ
2020/3/30,飯塚,平成３１年度飯塚市営第７回第３節,普通,デイ
2020/3/31,飯塚,平成３１年度飯塚市営第７回第３節,普通,デイ
2020/4/2,飯塚,令和２年度飯塚市営第１回第１節,普通,デイ
2020/4/3,飯塚,令和２年度飯塚市営第１回第１節,普通,デイ
2020/4/4,飯塚,令和２年度飯塚市営第１回第１節,普通,デイ
2020/4/5,飯塚,令和２年度飯塚市営第１回第１節,普通,デイ
2020/4/6,浜松,令和２年度浜松市営第１回第１節,普通,デイ
2020/4/6,飯塚,令和２年度飯塚市営第１１回第１節,普通,デイ
2020/4/7,浜松,令和２年度浜松市営第１回第１節,普通,デイ
2020/4/7,飯塚,令和２年度飯塚市営第１１回第１節,普通,デイ
2020/4/8,浜松,令和２年度浜松市営第１回第１節,普通,デイ
2020/4/8,飯塚,令和２年度飯塚市営第１１回第１節,普通,デイ
2020/4/9,伊勢崎,令和２年度伊勢崎市営第１回第１節,普通,ナイター
2020/4/10,伊勢崎,令和２年度伊勢崎市営第１回第１節,普通,ナイター
2020/4/11,伊勢崎,令和２年度伊勢崎市営第１回第１節,普通,ナイター
2020/4/11,山陽,令和２年度山陽小野田市営第１回第１節,普通,デイ
2020/4/12,伊勢崎,令和２年度伊勢崎市営第１回第１節,普通,ナイター
2020/4/12,山陽,令和２年度山陽小野田市営第１回第１節,普通,デイ
2020/4/13,山陽,令和２年度山陽小野田市営第１回第１節,普通,デイ
2020/4/15,飯塚,令和２年度飯塚市営第２回第１節,普通,デイ
2020/4/16,伊勢崎,令和２年度伊勢崎市営第１回第２節,普通,ナイター
2020/4/16,飯塚,令和２年度飯塚市営第２回第１節,普通,デイ
2020/4/17,伊勢崎,令和２年度伊勢崎市営第１回第２節,普通,ナイター
2020/4/17,飯塚,令和２年度飯塚市営第２回第１節,普通,デイ
2020/4/18,伊勢崎,令和２年度伊勢崎市営第１回第２節,普通,ナイター
2020/4/18,浜松,令和２年度浜松市営第２回第１節,普通,デイ
2020/4/19,伊勢崎,令和２年度伊勢崎市営第１回第２節,普通,ナイター
2020/4/19,浜松,令和２年度浜松市営第２回第１節,普通,デイ
2020/4/20,山陽,令和２年度山陽小野田市営第７回第１節,普通,デイ
2020/4/20,浜松,令和２年度浜松市営第２回第１節,普通,デイ
2020/4/21,山陽,令和２年度山陽小野田市営第７回第１節,普通,デイ
2020/4/21,浜松,令和２年度浜松市営第２回第１節,普通,デイ
2020/4/22,山陽,令和２年度山陽小野田市営第７回第１節,普通,デイ
2020/4/22,川口,令和２年度川口市営第１回第１節,普通,デイ
2020/4/23,川口,令和２年度川口市営第１回第１節,普通,デイ
2020/4/24,川口,令和２年度川口市営第１回第１節,普通,デイ
2020/4/25,飯塚,ＳＧオールスター・オートレース,普通,ナイター
2020/4/26,飯塚,ＳＧオールスター・オートレース,普通,ナイター
2020/4/27,飯塚,ＳＧオールスター・オートレース,普通,ナイター
2020/4/28,飯塚,ＳＧオールスター・オートレース,普通,ナイター
2020/4/29,飯塚,ＳＧオールスター・オートレース,普通,ナイター
2020/4/30,浜松,令和２年度浜松市営第１回第２節,普通,デイ
2020/5/1,浜松,令和２年度浜松市営第１回第２節,普通,デイ
2020/5/2,浜松,令和２年度浜松市営第１回第２節,普通,デイ
2020/5/3,伊勢崎,令和２年度伊勢崎市営第２回第１節,普通,ナイター
2020/5/3,川口,令和２年度川口市営第２回第１節,普通,デイ
2020/5/4,伊勢崎,令和２年度伊勢崎市営第２回第１節,普通,ナイター
2020/5/4,川口,令和２年度川口市営第２回第１節,普通,デイ
2020/5/5,伊勢崎,令和２年度伊勢崎市営第２回第１節,普通,ナイター
2020/5/5,川口,令和２年度川口市営第２回第１節,普通,デイ
2020/5/6,伊勢崎,令和２年度伊勢崎市営第２回第１節,普通,ナイター
2020/5/6,川口,令和２年度川口市営第２回第１節,普通,デイ
2020/5/7,飯塚,令和２年度飯塚市営第２回第２節,普通,ナイター
2020/5/8,飯塚,令和２年度飯塚市営第２回第２節,普通,ナイター
2020/5/9,川口,令和２年度川口市営第２回第２節,普通,デイ
2020/5/9,飯塚,令和２年度飯塚市営第２回第２節,普通,ナイター
2020/5/10,川口,令和２年度川口市営第２回第２節,普通,デイ
2020/5/10,飯塚,令和２年度飯塚市営第１１回第２節,普通,デイ
2020/5/11,川口,令和２年度川口市営第２回第２節,普通,デイ
2020/5/11,飯塚,令和２年度飯塚市営第１１回第２節,普通,デイ
2020/5/12,川口,令和２年度川口市営第２回第２節,普通,デイ
2020/5/12,飯塚,令和２年度飯塚市営第１１回第２節,普通,デイ
2020/5/13,伊勢崎,ＧⅡ稲妻賞,GII,ナイター
2020/5/14,伊勢崎,ＧⅡ稲妻賞,GII,ナイター
2020/5/15,伊勢崎,ＧⅡ稲妻賞,GII,ナイター
2020/5/16,伊勢崎,ＧⅡ稲妻賞,GII,ナイター
2020/5/17,伊勢崎,ＧⅡ稲妻賞,GII,ナイター
2020/5/18,飯塚,令和２年度飯塚市営第２回第３節,普通,デイ
2020/5/19,飯塚,令和２年度飯塚市営第２回第３節,普通,デイ
2020/5/20,飯塚,令和２年度飯塚市営第２回第３節,普通,デイ
2020/5/21,伊勢崎,令和２年度伊勢崎市営第３回第１節,普通,ナイター
2020/5/21,浜松,令和２年度浜松市営第１回第３節,普通,デイ
2020/5/22,伊勢崎,令和２年度伊勢崎市営第３回第１節,普通,ナイター
2020/5/22,浜松,令和２年度浜松市営第１回第３節,普通,デイ
2020/5/23,伊勢崎,令和２年度伊勢崎市営第３回第１節,普通,ナイター
2020/5/23,浜松,令和２年度浜松市営第１回第３節,普通,デイ
2020/5/24,伊勢崎,令和２年度伊勢崎市営第３回第１節,普通,ナイター
2020/5/24,飯塚,令和２年度飯塚市営第３回第１節,普通,デイ
2020/5/25,飯塚,令和２年度飯塚市営第３回第１節,普通,デイ
2020/5/26,飯塚,令和２年度飯塚市営第３回第１節,普通,デイ
2020/5/27,浜松,ＧⅠ開場記念ゴールデンレース,GI,デイ
2020/5/27,飯塚,令和２年度飯塚市営第１５回第１節,普通,デイ
2020/5/28,浜松,ＧⅠ開場記念ゴールデンレース,GI,デイ
2020/5/28,飯塚,令和２年度飯塚市営第１５回第１節,普通,デイ
2020/5/29,浜松,ＧⅠ開場記念ゴールデンレース,GI,デイ
2020/5/29,飯塚,令和２年度飯塚市営第１５回第１節,普通,デイ
2020/5/30,浜松,ＧⅠ開場記念ゴールデンレース,GI,デイ
2020/5/30,飯塚,令和２年度飯塚市営第１５回第１節,普通,デイ
2020/5/31,浜松,ＧⅠ開場記念ゴールデンレース,GI,デイ
2020/6/1,山陽,令和２年度山陽小野田市営第７回第２節,普通,デイ
2020/6/1,川口,令和２年度川口市営第３回第１節,普通,デイ
2020/6/2,山陽,令和２年度山陽小野田市営第７回第２節,普通,デイ
2020/6/2,川口,令和２年度川口市営第３回第１節,普通,デイ
2020/6/3,山陽,令和２年度山陽小野田市営第７回第２節,普通,デイ
2020/6/3,川口,令和２年度川口市営第３回第１節,普通,デイ
2020/6/4,川口,令和２年度川口市営第３回第１節,普通,デイ
2020/6/5,浜松,令和２年度浜松市営第３回第１節,普通,デイ
2020/6/6,浜松,令和２年度浜松市営第３回第１節,普通,デイ
2020/6/6,飯塚,令和２年度飯塚市営第１２回第１節,普通,デイ
2020/6/7,浜松,令和２年度浜松市営第３回第１節,普通,デイ
2020/6/7,飯塚,令和２年度飯塚市営第１２回第１節,普通,デイ
2020/6/8,浜松,令和２年度浜松市営第３回第１節,普通,デイ
2020/6/8,飯塚,令和２年度飯塚市営第１２回第１節,普通,デイ
2020/6/9,川口,令和２年度川口市営第３回第２節,普通,デイ
2020/6/9,飯塚,令和２年度飯塚市営第１２回第１節,普通,デイ
2020/6/10,川口,令和２年度川口市営第３回第２節,普通,デイ
2020/6/10,飯塚,令和２年度飯塚市営第１２回第１節,普通,デイ
2020/6/11,川口,令和２年度川口市営第３回第２節,普通,デイ
2020/6/12,川口,令和２年度川口市営第３回第２節,普通,デイ
2020/6/13,山陽,ＧⅠ令和グランドチャンピオンカップ,GI,デイ
2020/6/14,山陽,ＧⅠ令和グランドチャンピオンカップ,GI,デイ
2020/6/15,山陽,ＧⅠ令和グランドチャンピオンカップ,GI,デイ
2020/6/16,山陽,ＧⅠ令和グランドチャンピオンカップ,GI,デイ
2020/6/17,山陽,ＧⅠ令和グランドチャンピオンカップ,GI,デイ
2020/6/18,伊勢崎,令和２年度伊勢崎市営第４回第１節,普通,ナイター
2020/6/18,川口,令和２年度川口市営第４回第１節,普通,デイ
2020/6/19,伊勢崎,令和２年度伊勢崎市営第４回第１節,普通,ナイター
2020/6/19,川口,令和２年度川口市営第４回第１節,普通,デイ
2020/6/20,伊勢崎,令和２年度伊勢崎市営第４回第１節,普通,ナイター
2020/6/20,川口,令和２年度川口市営第４回第１節,普通,デイ
2020/6/21,川口,令和２年度川口市営第４回第１節,普通,デイ
2020/6/21,飯塚,令和２年度飯塚市営第４回第１節,普通,ナイター
2020/6/22,飯塚,令和２年度飯塚市営第４回第１節,普通,ナイター
2020/6/23,飯塚,令和２年度飯塚市営第４回第１節,普通,ナイター
2020/6/24,川口,ＧⅡ川口記念,GII,ナイター
2020/6/25,川口,ＧⅡ川口記念,GII,ナイター
2020/6/26,川口,ＧⅡ川口記念,GII,ナイター
2020/6/27,川口,ＧⅡ川口記念,GII,ナイター
2020/6/28,川口,ＧⅡ川口記念,GII,ナイター
2020/6/29,伊勢崎,令和２年度伊勢崎市営第４回第２節,普通,ナイター
2020/6/30,伊勢崎,令和２年度伊勢崎市営第４回第２節,普通,ナイター
2020/7/1,伊勢崎,令和２年度伊勢崎市営第４回第２節,普通,ナイター
2020/7/1,飯塚,令和２年度飯塚市営第３回第２節,普通,デイ
2020/7/2,飯塚,令和２年度飯塚市営第３回第２節,普通,デイ
2020/7/3,飯塚,令和２年度飯塚市営第３回第２節,普通,デイ
2020/7/4,伊勢崎,令和２年度伊勢崎市営第５回第１節,普通,ナイター
2020/7/4,飯塚,令和２年度飯塚市営第３回第２節,普通,デイ
2020/7/5,伊勢崎,令和２年度伊勢崎市営第５回第１節,普通,ナイター
2020/7/5,飯塚,令和２年度飯塚市営第３回第２節,普通,デイ
2020/7/6,伊勢崎,令和２年度伊勢崎市営第５回第１節,普通,ナイター
2020/7/7,伊勢崎,令和２年度伊勢崎市営第５回第１節,普通,ナイター
2020/7/8,山陽,ＧⅡ小林啓二杯,GII,デイ
2020/7/9,山陽,ＧⅡ小林啓二杯,GII,デイ
2020/7/10,山陽,ＧⅡ小林啓二杯,GII,デイ
2020/7/11,山陽,ＧⅡ小林啓二杯,GII,デイ
2020/7/12,山陽,ＧⅡ小林啓二杯,GII,デイ
2020/7/14,飯塚,令和２年度飯塚市営第４回第２節,普通,ナイター
2020/7/15,飯塚,令和２年度飯塚市営第４回第２節,普通,ナイター
2020/7/16,飯塚,令和２年度飯塚市営第４回第２節,普通,ナイター
2020/7/17,浜松,令和２年度浜松市営第４回第１節,普通,デイ
2020/7/17,飯塚,令和２年度飯塚市営第４回第２節,普通,ナイター
2020/7/18,浜松,令和２年度浜松市営第４回第１節,普通,デイ
2020/7/18,飯塚,令和２年度飯塚市営第４回第２節,普通,ナイター
2020/7/19,川口,令和２年度川口市営第５回第１節,普通,ナイター
2020/7/19,浜松,令和２年度浜松市営第４回第１節,普通,デイ
2020/7/20,川口,令和２年度川口市営第５回第１節,普通,ナイター
2020/7/21,川口,令和２年度川口市営第５回第１節,普通,ナイター
2020/7/22,飯塚,ＧⅠダイヤモンドレース,GI,ナイター
2020/7/23,飯塚,ＧⅠダイヤモンドレース,GI,ナイター
2020/7/24,飯塚,ＧⅠダイヤモンドレース,GI,ナイター
2020/7/25,飯塚,ＧⅠダイヤモンドレース,GI,ナイター
2020/7/26,飯塚,ＧⅠダイヤモンドレース,GI,ナイター
2020/7/27,浜松,令和２年度浜松市営第３回第２節,普通,デイ
2020/7/28,浜松,令和２年度浜松市営第３回第２節,普通,デイ
2020/7/28,飯塚,令和２年度飯塚市営第１１回第３節,普通,デイ
2020/7/29,浜松,令和２年度浜松市営第３回第２節,普通,デイ
2020/7/29,飯塚,令和２年度飯塚市営第１１回第３節,普通,デイ
2020/7/30,浜松,令和２年度浜松市営第３回第２節,普通,デイ
2020/7/30,飯塚,令和２年度飯塚市営第１１回第３節,普通,デイ
2020/7/31,伊勢崎,令和２年度伊勢崎市営第４回第３節,普通,ナイター
2020/8/1,伊勢崎,令和２年度伊勢崎市営第４回第３節,普通,ナイター
2020/8/2,伊勢崎,令和２年度伊勢崎市営第４回第３節,普通,ナイター
2020/8/2,山陽,令和２年度山陽小野田市営第２回第２節,普通,デイ
2020/8/3,山陽,令和２年度山陽小野田市営第２回第２節,普通,デイ
2020/8/4,山陽,令和２年度山陽小野田市営第２回第２節,普通,デイ
2020/8/5,山陽,令和２年度山陽小野田市営第２回第２節,普通,デイ
2020/8/6,川口,令和２年度川口市営第４回第２節,普通,ナイター
2020/8/7,川口,令和２年度川口市営第４回第２節,普通,ナイター
2020/8/8,川口,令和２年度川口市営第４回第２節,普通,ナイター
2020/8/8,浜松,令和２年度浜松市営第４回第２節,普通,デイ
2020/8/9,川口,令和２年度川口市営第４回第２節,普通,ナイター
2020/8/9,浜松,令和２年度浜松市営第４回第２節,普通,デイ
2020/8/10,浜松,令和２年度浜松市営第４回第２節,普通,デイ
2020/8/11,伊勢崎,ＳＧオートレースグランプリ,普通,ナイター
2020/8/12,伊勢崎,ＳＧオートレースグランプリ,普通,ナイター
2020/8/13,伊勢崎,ＳＧオートレースグランプリ,普通,ナイター
2020/8/14,伊勢崎,ＳＧオートレースグランプリ,普通,ナイター
2020/8/15,伊勢崎,ＳＧオートレースグランプリ,普通,ナイター
2020/8/16,山陽,令和２年度山陽小野田市営第３回第１節,普通,デイ
2020/8/16,川口,令和２年度川口市営第６回第１節,普通,ナイター
2020/8/17,山陽,令和２年度山陽小野田市営第３回第１節,普通,デイ
2020/8/17,川口,令和２年度川口市営第６回第１節,普通,ナイター
2020/8/18,山陽,令和２年度山陽小野田市営第３回第１節,普通,デイ
2020/8/18,川口,令和２年度川口市営第６回第１節,普通,ナイター
2020/8/19,山陽,令和２年度山陽小野田市営第３回第１節,普通,デイ
2020/8/19,川口,令和２年度川口市営第６回第１節,普通,ナイター
2020/8/20,山陽,令和２年度山陽小野田市営第７回第３節,普通,デイ
2020/8/20,浜松,令和２年度浜松市営第４回第３節,普通,デイ
2020/8/21,山陽,令和２年度山陽小野田市営第７回第３節,普通,デイ
2020/8/21,浜松,令和２年度浜松市営第４回第３節,普通,デイ
2020/8/22,山陽,令和２年度山陽小野田市営第７回第３節,普通,デイ
2020/8/22,浜松,令和２年度浜松市営第４回第３節,普通,デイ
2020/8/23,伊勢崎,令和２年度伊勢崎市営第６回第１節,普通,ナイター
2020/8/24,伊勢崎,令和２年度伊勢崎市営第６回第１節,普通,ナイター
2020/8/25,伊勢崎,令和２年度伊勢崎市営第６回第１節,普通,ナイター
2020/8/26,川口,ＧⅠキューポラ杯,GI,ナイター
2020/8/27,川口,ＧⅠキューポラ杯,GI,ナイター
2020/8/28,川口,ＧⅠキューポラ杯,GI,ナイター
2020/8/29,川口,ＧⅠキューポラ杯,GI,ナイター
2020/8/30,川口,ＧⅠキューポラ杯,GI,ナイター
2020/8/31,山陽,令和２年度山陽小野田市営第８回第１節,普通,デイ
2020/8/31,浜松,令和２年度浜松市営第５回第１節,普通,デイ
2020/9/1,山陽,令和２年度山陽小野田市営第８回第１節,普通,デイ
2020/9/1,浜松,令和２年度浜松市営第５回第１節,普通,デイ
2020/9/2,山陽,令和２年度山陽小野田市営第８回第１節,普通,デイ
2020/9/2,浜松,令和２年度浜松市営第５回第１節,普通,デイ
2020/9/3,伊勢崎,令和２年度伊勢崎市営第６回第２節,普通,ナイター
2020/9/4,伊勢崎,令和２年度伊勢崎市営第６回第２節,普通,ナイター
2020/9/5,伊勢崎,令和２年度伊勢崎市営第６回第２節,普通,ナイター
2020/9/5,川口,令和２年度川口市営第７回第１節,普通,デイ
2020/9/6,山陽,令和２年度山陽小野田市営第８回第２節,普通,デイ
2020/9/6,川口,令和２年度川口市営第７回第１節,普通,デイ
2020/9/7,山陽,令和２年度山陽小野田市営第８回第２節,普通,デイ
2020/9/7,川口,令和２年度川口市営第７回第１節,普通,デイ
2020/9/8,山陽,令和２年度山陽小野田市営第８回第２節,普通,デイ
2020/9/8,川口,令和２年度川口市営第７回第１節,普通,デイ
2020/9/9,伊勢崎,ＧⅠムーンライトチャンピオンカップ,GI,ナイター
2020/9/10,伊勢崎,ＧⅠムーンライトチャンピオンカップ,GI,ナイター
2020/9/11,伊勢崎,ＧⅠムーンライトチャンピオンカップ,GI,ナイター
2020/9/12,伊勢崎,ＧⅠムーンライトチャンピオンカップ,GI,ナイター
2020/9/13,伊勢崎,ＧⅠムーンライトチャンピオンカップ,GI,ナイター
2020/9/14,山陽,令和２年度山陽小野田市営第８回第３節,普通,デイ
2020/9/14,浜松,令和２年度浜松市営第６回第１節,普通,デイ
2020/9/15,山陽,令和２年度山陽小野田市営第８回第３節,普通,デイ
2020/9/15,浜松,令和２年度浜松市営第６回第１節,普通,デイ
2020/9/16,山陽,令和２年度山陽小野田市営第８回第３節,普通,デイ
2020/9/16,浜松,令和２年度浜松市営第６回第１節,普通,デイ
2020/9/17,伊勢崎,令和２年度伊勢崎市営第１１回第１節,普通,ナイター
2020/9/17,浜松,令和２年度浜松市営第６回第１節,普通,デイ
2020/9/18,伊勢崎,令和２年度伊勢崎市営第１１回第１節,普通,ナイター
2020/9/19,伊勢崎,令和２年度伊勢崎市営第１１回第１節,普通,ナイター
2020/9/19,山陽,特別ＧⅠ共同通信社杯プレミアムカップ,GI,デイ
2020/9/20,山陽,特別ＧⅠ共同通信社杯プレミアムカップ,GI,デイ
2020/9/21,山陽,特別ＧⅠ共同通信社杯プレミアムカップ,GI,デイ
2020/9/22,山陽,特別ＧⅠ共同通信社杯プレミアムカップ,GI,デイ
2020/9/23,山陽,特別ＧⅠ共同通信社杯プレミアムカップ,GI,デイ
2020/9/24,伊勢崎,令和２年度伊勢崎市営第６回第３節,普通,ナイター
2020/9/25,伊勢崎,令和２年度伊勢崎市営第６回第３節,普通,ナイター
2020/9/26,伊勢崎,令和２年度伊勢崎市営第６回第３節,普通,ナイター
2020/9/26,山陽,令和２年度山陽小野田市営第４回第１節,普通,デイ
2020/9/27,山陽,令和２年度山陽小野田市営第４回第１節,普通,デイ
2020/9/27,川口,令和２年度川口市営第８回第１節,普通,ナイター
2020/9/28,山陽,令和２年度山陽小野田市営第４回第１節,普通,デイ
2020/9/28,川口,令和２年度川口市営第８回第１節,普通,ナイター
2020/9/29,川口,令和２年度川口市営第８回第１節,普通,ナイター
2020/9/30,山陽,令和２年度山陽小野田市営第９回第１節,普通,デイ
2020/9/30,浜松,ＧⅡウィナーズカップ,GII,デイ
2020/10/1,山陽,令和２年度山陽小野田市営第９回第１節,普通,デイ
2020/10/1,浜松,ＧⅡウィナーズカップ,GII,デイ
2020/10/2,山陽,令和２年度山陽小野田市営第９回第１節,普通,デイ
2020/10/2,浜松,ＧⅡウィナーズカップ,GII,デイ
2020/10/3,山陽,令和２年度山陽小野田市営第９回第１節,普通,デイ
2020/10/3,浜松,ＧⅡウィナーズカップ,GII,デイ
2020/10/4,山陽,令和２年度山陽小野田市営第９回第１節,普通,デイ
2020/10/4,浜松,ＧⅡウィナーズカップ,GII,デイ
2020/10/5,伊勢崎,令和２年度伊勢崎市営第７回第１節,普通,ナイター
2020/10/6,伊勢崎,令和２年度伊勢崎市営第７回第１節,普通,ナイター
2020/10/7,伊勢崎,令和２年度伊勢崎市営第７回第１節,普通,ナイター
2020/10/8,山陽,令和２年度山陽小野田市営第１０回第１節,普通,デイ
2020/10/8,浜松,令和２年度浜松市営第５回第２節,普通,デイ
2020/10/9,山陽,令和２年度山陽小野田市営第１０回第１節,普通,デイ
2020/10/9,浜松,令和２年度浜松市営第５回第２節,普通,デイ
2020/10/10,山陽,令和２年度山陽小野田市営第１０回第１節,普通,デイ
2020/10/10,浜松,令和２年度浜松市営第５回第２節,普通,デイ
2020/10/11,山陽,令和２年度山陽小野田市営第１０回第１節,普通,デイ
2020/10/11,川口,令和２年度川口市営第８回第２節,普通,デイ
2020/10/12,伊勢崎,令和２年度伊勢崎市営第１１回第２節,普通,ナイター
2020/10/12,川口,令和２年度川口市営第８回第２節,普通,デイ
2020/10/13,伊勢崎,令和２年度伊勢崎市営第１１回第２節,普通,ナイター
2020/10/13,川口,令和２年度川口市営第８回第２節,普通,デイ
2020/10/14,伊勢崎,令和２年度伊勢崎市営第１１回第２節,普通,ナイター
2020/10/14,山陽,ＧⅡ若獅子杯争奪戦,GII,デイ
2020/10/15,山陽,ＧⅡ若獅子杯争奪戦,GII,デイ
2020/10/16,山陽,ＧⅡ若獅子杯争奪戦,GII,デイ
2020/10/16,川口,令和２年度川口市営第１４回第１節,普通,ナイター
2020/10/17,山陽,ＧⅡ若獅子杯争奪戦,GII,デイ
2020/10/17,川口,令和２年度川口市営第１４回第１節,普通,ナイター
2020/10/18,山陽,ＧⅡ若獅子杯争奪戦,GII,デイ
2020/10/18,川口,令和２年度川口市営第１４回第１節,普通,ナイター
2020/10/19,川口,令和２年度川口市営第１４回第１節,普通,ナイター
2020/10/19,浜松,令和２年度浜松市営第７回第１節,普通,デイ
2020/10/20,浜松,令和２年度浜松市営第７回第１節,普通,デイ
2020/10/20,飯塚,令和２年度飯塚市営第１６回第１節,普通,デイ
2020/10/21,浜松,令和２年度浜松市営第７回第１節,普通,デイ
2020/10/21,飯塚,令和２年度飯塚市営第１６回第１節,普通,デイ
2020/10/22,浜松,令和２年度浜松市営第７回第１節,普通,デイ
2020/10/22,飯塚,令和２年度飯塚市営第１６回第１節,普通,デイ
2020/10/23,川口,令和２年度川口市営第８回第３節,普通,デイ
2020/10/23,飯塚,令和２年度飯塚市営第１６回第１節,普通,デイ
2020/10/24,伊勢崎,令和２年度伊勢崎市営第７回第２節,普通,ナイター
2020/10/24,川口,令和２年度川口市営第８回第３節,普通,デイ
2020/10/25,伊勢崎,令和２年度伊勢崎市営第７回第２節,普通,ナイター
2020/10/25,川口,令和２年度川口市営第８回第３節,普通,デイ
2020/10/26,伊勢崎,令和２年度伊勢崎市営第７回第２節,普通,ナイター
2020/10/26,飯塚,令和２年度飯塚市営第５回第２節,普通,デイ
2020/10/27,伊勢崎,令和２年度伊勢崎市営第１１回第３節,普通,ナイター
2020/10/27,飯塚,令和２年度飯塚市営第５回第２節,普通,デイ
2020/10/28,伊勢崎,令和２年度伊勢崎市営第１１回第３節,普通,ナイター
2020/10/28,飯塚,令和２年度飯塚市営第５回第２節,普通,デイ
2020/10/29,伊勢崎,令和２年度伊勢崎市営第１１回第３節,普通,ナイター
2020/10/29,飯塚,令和２年度飯塚市営第５回第２節,普通,デイ
2020/10/30,川口,ＳＧ日本選手権オートレース,普通,デイ
2020/10/30,飯塚,令和２年度飯塚市営第１２回第２節,普通,デイ
2020/10/31,川口,ＳＧ日本選手権オートレース,普通,デイ
2020/10/31,飯塚,令和２年度飯塚市営第１２回第２節,普通,デイ
2020/11/1,川口,ＳＧ日本選手権オートレース,普通,デイ
2020/11/1,飯塚,令和２年度飯塚市営第１２回第２節,普通,デイ
2020/11/2,川口,ＳＧ日本選手権オートレース,普通,デイ
2020/11/3,川口,ＳＧ日本選手権オートレース,普通,デイ
2020/11/4,伊勢崎,令和２年度伊勢崎市営第７回第３節,普通,デイ
2020/11/5,伊勢崎,令和２年度伊勢崎市営第７回第３節,普通,デイ
2020/11/5,飯塚,令和２年度飯塚市営第６回第１節,普通,ナイター
2020/11/6,伊勢崎,令和２年度伊勢崎市営第７回第３節,普通,デイ
2020/11/6,飯塚,令和２年度飯塚市営第６回第１節,普通,ナイター
2020/11/7,川口,令和２年度川口市営第９回第１節,普通,デイ
2020/11/7,飯塚,令和２年度飯塚市営第６回第１節,普通,ナイター
2020/11/8,川口,令和２年度川口市営第９回第１節,普通,デイ
2020/11/8,飯塚,令和２年度飯塚市営第６回第１節,普通,ナイター
2020/11/9,川口,令和２年度川口市営第９回第１節,普通,デイ
2020/11/10,山陽,令和２年度山陽小野田市営第５回第１節,普通,デイ
2020/11/10,川口,令和２年度川口市営第１４回第２節,普通,ナイター
2020/11/11,山陽,令和２年度山陽小野田市営第５回第１節,普通,デイ
2020/11/11,川口,令和２年度川口市営第１４回第２節,普通,ナイター
2020/11/12,山陽,令和２年度山陽小野田市営第５回第１節,普通,デイ
2020/11/12,川口,令和２年度川口市営第１４回第２節,普通,ナイター
2020/11/13,川口,令和２年度川口市営第１４回第２節,普通,ナイター
2020/11/13,浜松,令和２年度浜松市営第５回第３節,普通,デイ
2020/11/14,浜松,令和２年度浜松市営第５回第３節,普通,デイ
2020/11/14,飯塚,令和２年度飯塚市営第７回第１節,普通,ナイター
2020/11/15,浜松,令和２年度浜松市営第５回第３節,普通,デイ
2020/11/15,飯塚,令和２年度飯塚市営第７回第１節,普通,ナイター
2020/11/16,川口,令和２年度川口市営第９回第２節,普通,デイ
2020/11/16,飯塚,令和２年度飯塚市営第７回第１節,普通,ナイター
2020/11/17,川口,令和２年度川口市営第９回第２節,普通,デイ
2020/11/17,飯塚,令和２年度飯塚市営第１３回第１節,普通,デイ
2020/11/18,川口,令和２年度川口市営第９回第２節,普通,デイ
2020/11/18,飯塚,令和２年度飯塚市営第１３回第１節,普通,デイ
2020/11/19,浜松,ＧⅠ秋のスピード王決定戦,GI,デイ
2020/11/19,飯塚,令和２年度飯塚市営第１３回第１節,普通,デイ
2020/11/20,浜松,ＧⅠ秋のスピード王決定戦,GI,デイ
2020/11/21,浜松,ＧⅠ秋のスピード王決定戦,GI,デイ
2020/11/22,山陽,令和２年度山陽小野田市営第９回第２節,普通,デイ
2020/11/22,浜松,ＧⅠ秋のスピード王決定戦,GI,デイ
2020/11/23,山陽,令和２年度山陽小野田市営第９回第２節,普通,デイ
2020/11/23,浜松,ＧⅠ秋のスピード王決定戦,GI,デイ
2020/11/24,山陽,令和２年度山陽小野田市営第９回第２節,普通,デイ
2020/11/24,川口,令和２年度川口市営第１０回第１節,普通,デイ
2020/11/25,川口,令和２年度川口市営第１０回第１節,普通,デイ
2020/11/26,川口,令和２年度川口市営第１０回第１節,普通,デイ
2020/11/27,川口,令和２年度川口市営第１０回第１節,普通,デイ
2020/11/27,飯塚,令和２年度飯塚市営第７回第２節,普通,ナイター
2020/11/28,伊勢崎,令和２年度伊勢崎市営第８回第１節,普通,デイ
2020/11/28,飯塚,令和２年度飯塚市営第７回第２節,普通,ナイター
2020/11/29,伊勢崎,令和２年度伊勢崎市営第８回第１節,普通,デイ
2020/11/29,飯塚,令和２年度飯塚市営第７回第２節,普通,ナイター
2020/11/30,伊勢崎,令和２年度伊勢崎市営第８回第１節,普通,デイ
2020/11/30,飯塚,令和２年度飯塚市営第１３回第２節,普通,デイ
2020/12/1,川口,令和２年度川口市営第１１回第１節,普通,デイ
2020/12/1,飯塚,令和２年度飯塚市営第１３回第２節,普通,デイ
2020/12/2,川口,令和２年度川口市営第１１回第１節,普通,デイ
2020/12/2,飯塚,令和２年度飯塚市営第１３回第２節,普通,デイ
2020/12/3,川口,令和２年度川口市営第１１回第１節,普通,デイ
2020/12/4,川口,令和２年度川口市営第１１回第１節,普通,デイ
2020/12/5,飯塚,ＧⅡオーバルチャンピオンカップ,GII,ナイター
2020/12/6,飯塚,ＧⅡオーバルチャンピオンカップ,GII,ナイター
2020/12/7,飯塚,ＧⅡオーバルチャンピオンカップ,GII,ナイター
2020/12/8,飯塚,ＧⅡオーバルチャンピオンカップ,GII,ナイター
2020/12/9,飯塚,ＧⅡオーバルチャンピオンカップ,GII,ナイター
2020/12/10,伊勢崎,令和２年度伊勢崎市営第８回第２節,普通,デイ
2020/12/11,伊勢崎,令和２年度伊勢崎市営第８回第２節,普通,デイ
2020/12/11,飯塚,令和２年度飯塚市営第７回第３節,普通,ナイター
2020/12/12,伊勢崎,令和２年度伊勢崎市営第８回第２節,普通,デイ
2020/12/12,飯塚,令和２年度飯塚市営第７回第３節,普通,ナイター
2020/12/13,川口,令和２年度川口市営第９回第３節,普通,デイ
2020/12/13,飯塚,令和２年度飯塚市営第７回第３節,普通,ナイター
2020/12/14,川口,令和２年度川口市営第９回第３節,普通,デイ
2020/12/15,川口,令和２年度川口市営第９回第３節,普通,デイ
2020/12/16,山陽,ＧⅠスピード王決定戦,GI,デイ
2020/12/17,山陽,ＧⅠスピード王決定戦,GI,デイ
2020/12/18,伊勢崎,令和２年度伊勢崎市営第１２回第１節,普通,ナイター
2020/12/18,山陽,ＧⅠスピード王決定戦,GI,デイ
2020/12/19,伊勢崎,令和２年度伊勢崎市営第１２回第１節,普通,ナイター
2020/12/19,山陽,ＧⅠスピード王決定戦,GI,デイ
2020/12/20,伊勢崎,令和２年度伊勢崎市営第１２回第１節,普通,ナイター
2020/12/20,山陽,ＧⅠスピード王決定戦,GI,デイ
2020/12/21,浜松,令和２年度浜松市営第８回第１節,普通,デイ
2020/12/22,浜松,令和２年度浜松市営第８回第１節,普通,デイ
2020/12/22,飯塚,令和２年度飯塚市営第１７回第１節,普通,デイ
2020/12/23,浜松,令和２年度浜松市営第８回第１節,普通,デイ
2020/12/23,飯塚,令和２年度飯塚市営第１７回第１節,普通,デイ
2020/12/24,伊勢崎,令和２年度伊勢崎市営第８回第３節,普通,デイ
2020/12/24,飯塚,令和２年度飯塚市営第１７回第１節,普通,デイ
2020/12/25,伊勢崎,令和２年度伊勢崎市営第８回第３節,普通,デイ
2020/12/25,飯塚,令和２年度飯塚市営第１７回第１節,普通,デイ
2020/12/26,伊勢崎,令和２年度伊勢崎市営第８回第３節,普通,デイ
2020/12/27,川口,スーパースターフェスタ,普通,デイ
2020/12/28,川口,スーパースターフェスタ,普通,デイ
2020/12/28,飯塚,令和２年度飯塚市営第１８回第１節,普通,デイ
2020/12/29,川口,スーパースターフェスタ,普通,デイ
2020/12/29,飯塚,令和２年度飯塚市営第１８回第１節,普通,デイ
2020/12/30,川口,スーパースターフェスタ,普通,デイ
2020/12/30,飯塚,令和２年度飯塚市営第１８回第１節,普通,デイ
2020/12/31,川口,スーパースターフェスタ,普通,デイ
2020/12/31,飯塚,令和２年度飯塚市営第１８回第１節,普通,デイ
2021/1/2,川口,令和２年度川口市営第１０回第２節,普通,デイ
2021/1/2,浜松,令和２年度浜松市営第９回第１節,普通,デイ
2021/1/3,山陽,令和２年度山陽小野田市営第１１回第１節,普通,デイ
2021/1/3,川口,令和２年度川口市営第１０回第２節,普通,デイ
2021/1/3,浜松,令和２年度浜松市営第９回第１節,普通,デイ
2021/1/4,山陽,令和２年度山陽小野田市営第１１回第１節,普通,デイ
2021/1/4,川口,令和２年度川口市営第１０回第２節,普通,デイ
2021/1/4,浜松,令和２年度浜松市営第９回第１節,普通,デイ
2021/1/5,山陽,令和２年度山陽小野田市営第１１回第１節,普通,デイ
2021/1/5,川口,令和２年度川口市営第１０回第２節,普通,デイ
2021/1/5,浜松,令和２年度浜松市営第９回第１節,普通,デイ
2021/1/6,川口,令和２年度川口市営第１０回第２節,普通,デイ
2021/1/7,伊勢崎,ＧⅠ開場記念シルクカップ,GI,デイ
2021/1/7,飯塚,令和２年度飯塚市営第１３回第３節,普通,デイ
2021/1/8,伊勢崎,ＧⅠ開場記念シルクカップ,GI,デイ
2021/1/8,飯塚,令和２年度飯塚市営第１３回第３節,普通,デイ
2021/1/9,伊勢崎,ＧⅠ開場記念シルクカップ,GI,デイ
2021/1/9,飯塚,令和２年度飯塚市営第１３回第３節,普通,デイ
2021/1/10,伊勢崎,ＧⅠ開場記念シルクカップ,GI,デイ
2021/1/10,川口,令和２年度川口市営第１５回第１節,普通,ナイター
2021/1/11,伊勢崎,ＧⅠ開場記念シルクカップ,GI,デイ
2021/1/11,川口,令和２年度川口市営第１５回第１節,普通,ナイター
2021/1/12,山陽,令和２年度山陽小野田市営第６回第１節,普通,デイ
2021/1/12,川口,令和２年度川口市営第１５回第１節,普通,ナイター
2021/1/13,山陽,令和２年度山陽小野田市営第６回第１節,普通,デイ
2021/1/13,川口,令和２年度川口市営第１５回第１節,普通,ナイター
2021/1/14,山陽,令和２年度山陽小野田市営第６回第１節,普通,デイ
2021/1/15,山陽,令和２年度山陽小野田市営第１１回第２節,普通,デイ
2021/1/15,川口,令和２年度川口市営第１１回第２節,普通,デイ
2021/1/16,山陽,令和２年度山陽小野田市営第１１回第２節,普通,デイ
2021/1/16,川口,令和２年度川口市営第１１回第２節,普通,デイ
2021/1/17,山陽,令和２年度山陽小野田市営第１１回第２節,普通,デイ
2021/1/17,川口,令和２年度川口市営第１１回第２節,普通,デイ
2021/1/18,川口,令和２年度川口市営第１１回第２節,普通,デイ
2021/1/19,川口,令和２年度川口市営第１１回第２節,普通,デイ
2021/1/20,飯塚,ＧⅠ開設記念レース,GI,ナイター
2021/1/21,飯塚,ＧⅠ開設記念レース,GI,ナイター
2021/1/22,飯塚,ＧⅠ開設記念レース,GI,ナイター
2021/1/23,飯塚,ＧⅠ開設記念レース,GI,ナイター
2021/1/24,飯塚,ＧⅠ開設記念レース,GI,ナイター
2021/1/25,川口,令和２年度川口市営第１２回第１節,普通,デイ
2021/1/26,川口,令和２年度川口市営第１２回第１節,普通,デイ
2021/1/27,川口,令和２年度川口市営第１２回第１節,普通,デイ
2021/1/28,伊勢崎,令和２年度伊勢崎市営第１２回第２節,普通,ナイター
2021/1/28,飯塚,令和２年度飯塚市営第８回第２節,普通,デイ
2021/1/29,伊勢崎,令和２年度伊勢崎市営第１２回第２節,普通,ナイター
2021/1/29,飯塚,令和２年度飯塚市営第８回第２節,普通,デイ
2021/1/30,伊勢崎,令和２年度伊勢崎市営第１２回第２節,普通,ナイター
2021/1/30,飯塚,令和２年度飯塚市営第８回第２節,普通,デイ
2021/1/31,浜松,令和２年度浜松市営第８回第２節,普通,デイ
2021/1/31,飯塚,令和２年度飯塚市営第１９回第１節,普通,デイ
2021/2/1,浜松,令和２年度浜松市営第８回第２節,普通,デイ
2021/2/1,飯塚,令和２年度飯塚市営第１９回第１節,普通,デイ
2021/2/2,浜松,令和２年度浜松市営第８回第２節,普通,デイ
2021/2/2,飯塚,令和２年度飯塚市営第１９回第１節,普通,デイ
2021/2/3,川口,令和２年度川口市営第１２回第２節,普通,デイ
2021/2/3,飯塚,令和２年度飯塚市営第１９回第１節,普通,デイ
2021/2/4,川口,令和２年度川口市営第１２回第２節,普通,デイ
2021/2/5,伊勢崎,令和２年度伊勢崎市営第１２回第３節,普通,ナイター
2021/2/5,川口,令和２年度川口市営第１２回第２節,普通,デイ
2021/2/6,伊勢崎,令和２年度伊勢崎市営第１２回第３節,普通,ナイター
2021/2/6,飯塚,令和２年度飯塚市営第９回第１節,普通,デイ
2021/2/7,伊勢崎,令和２年度伊勢崎市営第１２回第３節,普通,ナイター
2021/2/7,飯塚,令和２年度飯塚市営第９回第１節,普通,デイ
2021/2/8,飯塚,令和２年度飯塚市営第９回第１節,普通,デイ
2021/2/9,飯塚,令和２年度飯塚市営第９回第１節,普通,デイ
2021/2/10,伊勢崎,ＧⅡレジェンドカップ,GII,デイ
2021/2/10,飯塚,令和２年度飯塚市営第１４回第１節,普通,デイ
2021/2/11,伊勢崎,ＧⅡレジェンドカップ,GII,デイ
2021/2/11,飯塚,令和２年度飯塚市営第１４回第１節,普通,デイ
2021/2/12,伊勢崎,ＧⅡレジェンドカップ,GII,デイ
2021/2/12,飯塚,令和２年度飯塚市営第１４回第１節,普通,デイ
2021/2/13,伊勢崎,ＧⅡレジェンドカップ,GII,デイ
2021/2/13,川口,令和２年度川口市営第１６回第１節,普通,ナイター
2021/2/14,伊勢崎,ＧⅡレジェンドカップ,GII,デイ
2021/2/14,川口,令和２年度川口市営第１６回第１節,普通,ナイター
2021/2/15,川口,令和２年度川口市営第１６回第１節,普通,ナイター
2021/2/15,飯塚,令和２年度飯塚市営第９回第２節,普通,デイ
2021/2/16,川口,令和２年度川口市営第１６回第１節,普通,ナイター
2021/2/16,飯塚,令和２年度飯塚市営第９回第２節,普通,デイ
2021/2/17,飯塚,令和２年度飯塚市営第９回第２節,普通,デイ
2021/2/18,飯塚,令和２年度飯塚市営第９回第２節,普通,デイ
2021/2/19,浜松,ＳＧ全日本選抜オートレース,普通,デイ
2021/2/19,飯塚,令和２年度飯塚市営第１４回第２節,普通,デイ
2021/2/20,浜松,ＳＧ全日本選抜オートレース,普通,デイ
2021/2/20,飯塚,令和２年度飯塚市営第１４回第２節,普通,デイ
2021/2/21,浜松,ＳＧ全日本選抜オートレース,普通,デイ
2021/2/21,飯塚,令和２年度飯塚市営第１４回第２節,普通,デイ
2021/2/22,川口,令和２年度川口市営第１７回第１節,普通,ナイター
2021/2/22,浜松,ＳＧ全日本選抜オートレース,普通,デイ
2021/2/23,川口,令和２年度川口市営第１７回第１節,普通,ナイター
2021/2/23,浜松,ＳＧ全日本選抜オートレース,普通,デイ
2021/2/24,山陽,令和２年度山陽小野田市営第６回第２節,普通,デイ
2021/2/24,川口,令和２年度川口市営第１７回第１節,普通,ナイター
2021/2/25,山陽,令和２年度山陽小野田市営第６回第２節,普通,デイ
2021/2/25,川口,令和２年度川口市営第１７回第１節,普通,ナイター
2021/2/26,山陽,令和２年度山陽小野田市営第６回第２節,普通,デイ
2021/2/27,伊勢崎,令和２年度伊勢崎市営第９回第２節,普通,デイ
2021/2/27,山陽,令和２年度山陽小野田市営第１１回第３節,普通,デイ
2021/2/28,伊勢崎,令和２年度伊勢崎市営第９回第２節,普通,デイ
2021/2/28,山陽,令和２年度山陽小野田市営第１１回第３節,普通,デイ
2021/3/1,伊勢崎,令和２年度伊勢崎市営第９回第２節,普通,デイ
2021/3/1,山陽,令和２年度山陽小野田市営第１１回第３節,普通,デイ
2021/3/2,伊勢崎,令和２年度伊勢崎市営第９回第２節,普通,デイ
2021/3/3,川口,ＧⅠ開設記念グランプリレース,GI,デイ
2021/3/3,飯塚,令和２年度飯塚市営第１４回第３節,普通,デイ
2021/3/4,川口,ＧⅠ開設記念グランプリレース,GI,デイ
2021/3/4,飯塚,令和２年度飯塚市営第１４回第３節,普通,デイ
2021/3/5,川口,ＧⅠ開設記念グランプリレース,GI,デイ
2021/3/5,飯塚,令和２年度飯塚市営第１４回第３節,普通,デイ
2021/3/6,伊勢崎,令和２年度伊勢崎市営第１３回第１節,普通,ナイター
2021/3/6,川口,ＧⅠ開設記念グランプリレース,GI,デイ
2021/3/7,伊勢崎,令和２年度伊勢崎市営第１３回第１節,普通,ナイター
2021/3/7,川口,ＧⅠ開設記念グランプリレース,GI,デイ
2021/3/8,伊勢崎,令和２年度伊勢崎市営第１３回第１節,普通,ナイター
2021/3/8,山陽,令和２年度山陽小野田市営第６回第３節,普通,デイ
2021/3/9,山陽,令和２年度山陽小野田市営第６回第３節,普通,デイ
2021/3/10,山陽,令和２年度山陽小野田市営第６回第３節,普通,デイ
2021/3/11,山陽,令和２年度山陽小野田市営第１０回第２節,普通,デイ
2021/3/11,浜松,令和２年度浜松市営第８回第３節,普通,デイ
2021/3/12,山陽,令和２年度山陽小野田市営第１０回第２節,普通,デイ
2021/3/12,浜松,令和２年度浜松市営第８回第３節,普通,デイ
2021/3/13,山陽,令和２年度山陽小野田市営第１０回第２節,普通,デイ
2021/3/13,浜松,令和２年度浜松市営第８回第３節,普通,デイ
2021/3/14,山陽,令和２年度山陽小野田市営第１０回第２節,普通,デイ
2021/3/14,川口,令和２年度川口市営第１２回第３節,普通,デイ
2021/3/15,川口,令和２年度川口市営第１２回第３節,普通,デイ
2021/3/16,川口,令和２年度川口市営第１２回第３節,普通,デイ
2021/3/17,飯塚,特別ＧⅠ共同通信社杯プレミアムカップ,GI,ナイター
2021/3/18,飯塚,特別ＧⅠ共同通信社杯プレミアムカップ,GI,ナイター
2021/3/19,飯塚,特別ＧⅠ共同通信社杯プレミアムカップ,GI,ナイター
2021/3/20,飯塚,特別ＧⅠ共同通信社杯プレミアムカップ,GI,ナイター
2021/3/21,飯塚,特別ＧⅠ共同通信社杯プレミアムカップ,GI,ナイター
2021/3/22,伊勢崎,令和２年度伊勢崎市営第１０回第２節,普通,デイ
2021/3/23,伊勢崎,令和２年度伊勢崎市営第１０回第２節,普通,デイ
2021/3/23,飯塚,令和２年度飯塚市営第２０回第１節,普通,デイ
2021/3/24,伊勢崎,令和２年度伊勢崎市営第１０回第２節,普通,デイ
2021/3/24,飯塚,令和２年度飯塚市営第２０回第１節,普通,デイ
2021/3/25,川口,令和２年度川口市営第１３回第２節,普通,デイ
2021/3/25,飯塚,令和２年度飯塚市営第２０回第１節,普通,デイ
2021/3/26,川口,令和２年度川口市営第１３回第２節,普通,デイ
2021/3/26,飯塚,令和２年度飯塚市営第２０回第１節,普通,デイ
2021/3/27,川口,令和２年度川口市営第１３回第２節,普通,デイ
2021/3/28,川口,令和２年度川口市営第１３回第２節,普通,デイ
2021/3/29,飯塚,令和２年度飯塚市営第１０回第２節,普通,ナイター
2021/3/30,飯塚,令和２年度飯塚市営第１０回第２節,普通,ナイター
2021/3/31,飯塚,令和２年度飯塚市営第１０回第２節,普通,ナイター
2021/4/1,伊勢崎,令和３年度伊勢崎市営第１回第１節,普通,ナイター
2021/4/1,浜松,令和３年度浜松市営第１回第１節,普通,デイ
2021/4/2,伊勢崎,令和３年度伊勢崎市営第１回第１節,普通,ナイター
2021/4/2,浜松,令和３年度浜松市営第１回第１節,普通,デイ
2021/4/3,伊勢崎,令和３年度伊勢崎市営第１回第１節,普通,ナイター
2021/4/3,浜松,令和３年度浜松市営第１回第１節,普通,デイ
2021/4/4,伊勢崎,令和３年度伊勢崎市営第１回第１節,普通,ナイター
2021/4/4,浜松,令和３年度浜松市営第１回第１節,普通,デイ
2021/4/5,飯塚,令和３年度飯塚市営第１回第１節,普通,ナイター
2021/4/6,飯塚,令和３年度飯塚市営第１回第１節,普通,ナイター
2021/4/7,飯塚,令和３年度飯塚市営第１回第１節,普通,ナイター
2021/4/8,川口,令和３年度川口市営第１回第１節,普通,デイ
2021/4/8,飯塚,令和３年度飯塚市営第１１回第１節,普通,デイ
2021/4/9,川口,令和３年度川口市営第１回第１節,普通,デイ
2021/4/9,飯塚,令和３年度飯塚市営第１１回第１節,普通,デイ
2021/4/10,川口,令和３年度川口市営第１回第１節,普通,デイ
2021/4/10,飯塚,令和３年度飯塚市営第１１回第１節,普通,デイ
2021/4/11,伊勢崎,令和３年度伊勢崎市営第２回第１節,普通,ナイター
2021/4/11,川口,令和３年度川口市営第１回第１節,普通,デイ
2021/4/12,伊勢崎,令和３年度伊勢崎市営第２回第１節,普通,ナイター
2021/4/13,伊勢崎,令和３年度伊勢崎市営第２回第１節,普通,ナイター
2021/4/14,山陽,ＧⅠ令和グランドチャンピオンカップ,GI,デイ
2021/4/15,山陽,ＧⅠ令和グランドチャンピオンカップ,GI,デイ
2021/4/15,川口,令和３年度川口市営第１４回第１節,普通,ナイター
2021/4/16,山陽,ＧⅠ令和グランドチャンピオンカップ,GI,デイ
2021/4/16,川口,令和３年度川口市営第１４回第１節,普通,ナイター
2021/4/17,山陽,ＧⅠ令和グランドチャンピオンカップ,GI,デイ
2021/4/17,川口,令和３年度川口市営第１４回第１節,普通,ナイター
2021/4/18,山陽,ＧⅠ令和グランドチャンピオンカップ,GI,デイ
2021/4/18,川口,令和３年度川口市営第１４回第１節,普通,ナイター
2021/4/19,伊勢崎,令和３年度伊勢崎市営第２回第２節,普通,ナイター
2021/4/20,伊勢崎,令和３年度伊勢崎市営第２回第２節,普通,ナイター
2021/4/21,伊勢崎,令和３年度伊勢崎市営第２回第２節,普通,ナイター
2021/4/22,浜松,令和３年度浜松市営第２回第１節,普通,デイ
2021/4/22,飯塚,令和３年度飯塚市営第１１回第２節,普通,デイ
2021/4/23,浜松,令和３年度浜松市営第２回第１節,普通,デイ
2021/4/23,飯塚,令和３年度飯塚市営第１１回第２節,普通,デイ
2021/4/24,浜松,令和３年度浜松市営第２回第１節,普通,デイ
2021/4/24,飯塚,令和３年度飯塚市営第１１回第２節,普通,デイ
2021/4/25,山陽,令和３年度山陽小野田市営第８回第１節,普通,デイ
2021/4/25,川口,ＳＧオールスター・オートレース,普通,デイ
2021/4/26,山陽,令和３年度山陽小野田市営第８回第１節,普通,デイ
2021/4/26,川口,ＳＧオールスター・オートレース,普通,デイ
2021/4/27,山陽,令和３年度山陽小野田市営第８回第１節,普通,デイ
2021/4/27,川口,ＳＧオールスター・オートレース,普通,デイ
2021/4/28,山陽,令和３年度山陽小野田市営第８回第１節,普通,デイ
2021/4/28,川口,ＳＧオールスター・オートレース,普通,デイ
2021/4/29,伊勢崎,令和３年度伊勢崎市営第２回第３節,普通,ナイター
2021/4/29,川口,ＳＧオールスター・オートレース,普通,デイ
2021/4/30,伊勢崎,令和３年度伊勢崎市営第２回第３節,普通,ナイター
2021/4/30,飯塚,令和３年度飯塚市営第１回第２節,普通,デイ
2021/5/1,伊勢崎,令和３年度伊勢崎市営第２回第３節,普通,ナイター
2021/5/1,飯塚,令和３年度飯塚市営第１回第２節,普通,デイ
2021/5/2,川口,令和３年度川口市営第２回第１節,普通,ナイター
2021/5/2,飯塚,令和３年度飯塚市営第１回第２節,普通,デイ
2021/5/3,川口,令和３年度川口市営第２回第１節,普通,ナイター
2021/5/3,浜松,令和３年度浜松市営第２回第２節,普通,デイ
2021/5/4,川口,令和３年度川口市営第２回第１節,普通,ナイター
2021/5/4,浜松,令和３年度浜松市営第２回第２節,普通,デイ
2021/5/5,川口,令和３年度川口市営第２回第１節,普通,ナイター
2021/5/5,浜松,令和３年度浜松市営第２回第２節,普通,デイ
2021/5/6,山陽,令和３年度山陽小野田市営第２回第１節,普通,デイ
2021/5/7,伊勢崎,令和３年度伊勢崎市営第３回第１節,普通,ナイター
2021/5/7,山陽,令和３年度山陽小野田市営第２回第１節,普通,デイ
2021/5/8,伊勢崎,令和３年度伊勢崎市営第３回第１節,普通,ナイター
2021/5/8,山陽,令和３年度山陽小野田市営第２回第１節,普通,デイ
2021/5/9,伊勢崎,令和３年度伊勢崎市営第３回第１節,普通,ナイター
2021/5/9,飯塚,令和３年度飯塚市営第１回第３節,普通,デイ
2021/5/10,川口,令和３年度川口市営第１４回第２節,普通,ナイター
2021/5/10,飯塚,令和３年度飯塚市営第１回第３節,普通,デイ
2021/5/11,川口,令和３年度川口市営第１４回第２節,普通,ナイター
2021/5/11,飯塚,令和３年度飯塚市営第１回第３節,普通,デイ
2021/5/12,川口,令和３年度川口市営第１４回第２節,普通,ナイター
2021/5/12,浜松,ＧⅠ開場記念ゴールデンレース,GI,デイ
2021/5/13,川口,令和３年度川口市営第１４回第２節,普通,ナイター
2021/5/13,浜松,ＧⅠ開場記念ゴールデンレース,GI,デイ
2021/5/14,浜松,ＧⅠ開場記念ゴールデンレース,GI,デイ
2021/5/14,飯塚,令和３年度飯塚市営第１１回第３節,普通,デイ
2021/5/15,浜松,ＧⅠ開場記念ゴールデンレース,GI,デイ
2021/5/15,飯塚,令和３年度飯塚市営第１１回第３節,普通,デイ
2021/5/16,浜松,ＧⅠ開場記念ゴールデンレース,GI,デイ
2021/5/16,飯塚,令和３年度飯塚市営第１１回第３節,普通,デイ
2021/5/17,伊勢崎,令和３年度伊勢崎市営第３回第２節,普通,ナイター
2021/5/18,伊勢崎,令和３年度伊勢崎市営第３回第２節,普通,ナイター
2021/5/19,伊勢崎,令和３年度伊勢崎市営第３回第２節,普通,ナイター
2021/5/20,川口,令和３年度川口市営第３回第１節,普通,ナイター
2021/5/21,川口,令和３年度川口市営第３回第１節,普通,ナイター
2021/5/21,浜松,令和３年度浜松市営第２回第３節,普通,デイ
2021/5/22,川口,令和３年度川口市営第３回第１節,普通,ナイター
2021/5/22,浜松,令和３年度浜松市営第２回第３節,普通,デイ
2021/5/23,浜松,令和３年度浜松市営第２回第３節,普通,デイ
2021/5/23,飯塚,令和３年度飯塚市営第２回第１節,普通,ナイター
2021/5/24,飯塚,令和３年度飯塚市営第２回第１節,普通,ナイター
2021/5/25,飯塚,令和３年度飯塚市営第２回第１節,普通,ナイター
2021/5/26,川口,ＧⅡ川口記念,GII,ナイター
2021/5/27,川口,ＧⅡ川口記念,GII,ナイター
2021/5/28,川口,ＧⅡ川口記念,GII,ナイター
2021/5/28,浜松,令和３年度浜松市営第１１回第１節,普通,デイ
2021/5/29,川口,ＧⅡ川口記念,GII,ナイター
2021/5/29,浜松,令和３年度浜松市営第１１回第１節,普通,デイ
2021/5/30,川口,ＧⅡ川口記念,GII,ナイター
2021/5/30,浜松,令和３年度浜松市営第１１回第１節,普通,デイ
2021/5/31,浜松,令和３年度浜松市営第３回第１節,普通,デイ
2021/5/31,飯塚,令和３年度飯塚市営第１２回第１節,普通,デイ
2021/6/1,浜松,令和３年度浜松市営第３回第１節,普通,デイ
2021/6/1,飯塚,令和３年度飯塚市営第１２回第１節,普通,デイ
2021/6/2,浜松,令和３年度浜松市営第３回第１節,普通,デイ
2021/6/2,飯塚,令和３年度飯塚市営第１２回第１節,普通,デイ
2021/6/3,川口,令和３年度川口市営第３回第２節,普通,デイ
2021/6/3,飯塚,令和３年度飯塚市営第１２回第１節,普通,デイ
2021/6/4,川口,令和３年度川口市営第３回第２節,普通,デイ
2021/6/4,飯塚,令和３年度飯塚市営第１２回第１節,普通,デイ
2021/6/5,伊勢崎,令和３年度伊勢崎市営第４回第１節,普通,ナイター
2021/6/5,川口,令和３年度川口市営第３回第２節,普通,デイ
2021/6/6,伊勢崎,令和３年度伊勢崎市営第４回第１節,普通,ナイター
2021/6/6,山陽,令和３年度山陽小野田市営第２回第２節,普通,デイ
2021/6/7,伊勢崎,令和３年度伊勢崎市営第４回第１節,普通,ナイター
2021/6/7,山陽,令和３年度山陽小野田市営第２回第２節,普通,デイ
2021/6/8,伊勢崎,令和３年度伊勢崎市営第４回第１節,普通,ナイター
2021/6/8,山陽,令和３年度山陽小野田市営第２回第２節,普通,デイ
2021/6/9,飯塚,ＧⅠダイヤモンドレース,GI,ナイター
2021/6/10,飯塚,ＧⅠダイヤモンドレース,GI,ナイター
2021/6/11,浜松,令和３年度浜松市営第１１回第２節,普通,デイ
2021/6/11,飯塚,ＧⅠダイヤモンドレース,GI,ナイター
2021/6/12,浜松,令和３年度浜松市営第１１回第２節,普通,デイ
2021/6/12,飯塚,ＧⅠダイヤモンドレース,GI,ナイター
2021/6/13,浜松,令和３年度浜松市営第１１回第２節,普通,デイ
2021/6/13,飯塚,ＧⅠダイヤモンドレース,GI,ナイター
2021/6/14,川口,令和３年度川口市営第４回第１節,普通,デイ
2021/6/15,川口,令和３年度川口市営第４回第１節,普通,デイ
2021/6/16,川口,令和３年度川口市営第４回第１節,普通,デイ
2021/6/16,飯塚,令和３年度飯塚市営第３回第２節,普通,ナイター
2021/6/17,川口,令和３年度川口市営第４回第１節,普通,デイ
2021/6/17,飯塚,令和３年度飯塚市営第３回第２節,普通,ナイター
2021/6/18,飯塚,令和３年度飯塚市営第３回第２節,普通,ナイター
2021/6/19,浜松,令和３年度浜松市営第４回第１節,普通,デイ
2021/6/19,飯塚,令和３年度飯塚市営第３回第２節,普通,ナイター
2021/6/20,浜松,令和３年度浜松市営第４回第１節,普通,デイ
2021/6/20,飯塚,令和３年度飯塚市営第１３回第１節,普通,デイ
2021/6/21,浜松,令和３年度浜松市営第４回第１節,普通,デイ
2021/6/21,飯塚,令和３年度飯塚市営第１３回第１節,普通,デイ
2021/6/22,浜松,令和３年度浜松市営第４回第１節,普通,デイ
2021/6/22,飯塚,令和３年度飯塚市営第１３回第１節,普通,デイ
2021/6/23,伊勢崎,ＧⅡ稲妻賞,GII,ナイター
2021/6/24,伊勢崎,ＧⅡ稲妻賞,GII,ナイター
2021/6/25,伊勢崎,ＧⅡ稲妻賞,GII,ナイター
2021/6/26,伊勢崎,ＧⅡ稲妻賞,GII,ナイター
2021/6/27,伊勢崎,ＧⅡ稲妻賞,GII,ナイター
2021/6/28,川口,令和３年度川口市営第３回第３節,普通,デイ
2021/6/28,飯塚,ＧⅡミッドナイトチャンピオンカップ,GII,デイ
2021/6/29,川口,令和３年度川口市営第３回第３節,普通,デイ
2021/6/29,飯塚,ＧⅡミッドナイトチャンピオンカップ,GII,デイ
2021/6/30,川口,令和３年度川口市営第３回第３節,普通,デイ
2021/6/30,飯塚,ＧⅡミッドナイトチャンピオンカップ,GII,デイ
2021/7/1,浜松,令和３年度浜松市営第４回第２節,普通,デイ
2021/7/1,飯塚,ＧⅡミッドナイトチャンピオンカップ,GII,デイ
2021/7/2,浜松,令和３年度浜松市営第４回第２節,普通,デイ
2021/7/2,飯塚,ＧⅡミッドナイトチャンピオンカップ,GII,デイ
2021/7/3,川口,令和３年度川口市営第４回第２節,普通,ナイター
2021/7/3,浜松,令和３年度浜松市営第４回第２節,普通,デイ
2021/7/4,川口,令和３年度川口市営第４回第２節,普通,ナイター
2021/7/4,浜松,令和３年度浜松市営第４回第２節,普通,デイ
2021/7/5,川口,令和３年度川口市営第４回第２節,普通,ナイター
2021/7/6,川口,令和３年度川口市営第４回第２節,普通,ナイター
2021/7/7,山陽,ＧⅡ小林啓二杯,GII,デイ
2021/7/8,山陽,ＧⅡ小林啓二杯,GII,デイ
2021/7/8,川口,令和３年度川口市営第１５回第１節,普通,ナイター
2021/7/9,山陽,ＧⅡ小林啓二杯,GII,デイ
2021/7/9,川口,令和３年度川口市営第１５回第１節,普通,ナイター
2021/7/10,山陽,ＧⅡ小林啓二杯,GII,デイ
2021/7/10,川口,令和３年度川口市営第１５回第１節,普通,ナイター
2021/7/11,山陽,ＧⅡ小林啓二杯,GII,デイ
2021/7/11,川口,令和３年度川口市営第１５回第１節,普通,ナイター
2021/7/12,伊勢崎,令和３年度伊勢崎市営第３回第３節,普通,ナイター
2021/7/12,飯塚,令和３年度飯塚市営第２回第２節,普通,デイ
2021/7/13,伊勢崎,令和３年度伊勢崎市営第３回第３節,普通,ナイター
2021/7/13,飯塚,令和３年度飯塚市営第２回第２節,普通,デイ
2021/7/14,伊勢崎,令和３年度伊勢崎市営第３回第３節,普通,ナイター
2021/7/14,飯塚,令和３年度飯塚市営第２回第２節,普通,デイ
2021/7/15,川口,令和３年度川口市営第５回第１節,普通,デイ
2021/7/15,飯塚,令和３年度飯塚市営第１３回第２節,普通,デイ
2021/7/16,川口,令和３年度川口市営第５回第１節,普通,デイ
2021/7/16,飯塚,令和３年度飯塚市営第１３回第２節,普通,デイ
2021/7/17,川口,令和３年度川口市営第５回第１節,普通,デイ
2021/7/17,飯塚,令和３年度飯塚市営第１３回第２節,普通,デイ
2021/7/18,伊勢崎,令和３年度伊勢崎市営第５回第１節,普通,ナイター
2021/7/18,川口,令和３年度川口市営第５回第１節,普通,デイ
2021/7/19,伊勢崎,令和３年度伊勢崎市営第５回第１節,普通,ナイター
2021/7/20,伊勢崎,令和３年度伊勢崎市営第５回第１節,普通,ナイター
2021/7/21,飯塚,特別ＧⅠ共同通信社杯プレミアムカップ,GI,ナイター
2021/7/22,浜松,令和３年度浜松市営第１１回第３節,普通,デイ
2021/7/22,飯塚,特別ＧⅠ共同通信社杯プレミアムカップ,GI,ナイター
2021/7/23,浜松,令和３年度浜松市営第１１回第３節,普通,デイ
2021/7/23,飯塚,特別ＧⅠ共同通信社杯プレミアムカップ,GI,ナイター
2021/7/24,浜松,令和３年度浜松市営第１１回第３節,普通,デイ
2021/7/24,飯塚,特別ＧⅠ共同通信社杯プレミアムカップ,GI,ナイター
2021/7/25,飯塚,特別ＧⅠ共同通信社杯プレミアムカップ,GI,ナイター
2021/7/26,山陽,令和３年度山陽小野田市営第８回第２節,普通,デイ
2021/7/26,浜松,令和３年度浜松市営第５回第１節,普通,デイ
2021/7/27,山陽,令和３年度山陽小野田市営第８回第２節,普通,デイ
2021/7/27,浜松,令和３年度浜松市営第５回第１節,普通,デイ
2021/7/28,山陽,令和３年度山陽小野田市営第８回第２節,普通,デイ
2021/7/28,浜松,令和３年度浜松市営第５回第１節,普通,デイ
2021/7/29,山陽,令和３年度山陽小野田市営第８回第２節,普通,デイ
2021/7/29,浜松,令和３年度浜松市営第５回第１節,普通,デイ
2021/7/30,伊勢崎,令和３年度伊勢崎市営第４回第２節,普通,ナイター
2021/7/31,伊勢崎,令和３年度伊勢崎市営第４回第２節,普通,ナイター
2021/7/31,飯塚,令和３年度飯塚市営第２回第３節,普通,デイ
2021/8/1,伊勢崎,令和３年度伊勢崎市営第４回第２節,普通,ナイター
2021/8/1,飯塚,令和３年度飯塚市営第２回第３節,普通,デイ
2021/8/2,伊勢崎,令和３年度伊勢崎市営第４回第２節,普通,ナイター
2021/8/2,飯塚,令和３年度飯塚市営第２回第３節,普通,デイ
2021/8/3,浜松,令和３年度浜松市営第５回第２節,普通,デイ
2021/8/3,飯塚,令和３年度飯塚市営第１３回第３節,普通,デイ
2021/8/4,浜松,令和３年度浜松市営第５回第２節,普通,デイ
2021/8/4,飯塚,令和３年度飯塚市営第１３回第３節,普通,デイ
2021/8/5,浜松,令和３年度浜松市営第５回第２節,普通,デイ
2021/8/5,飯塚,令和３年度飯塚市営第１３回第３節,普通,デイ
2021/8/6,川口,令和３年度川口市営第５回第２節,普通,ナイター
2021/8/6,浜松,令和３年度浜松市営第５回第２節,普通,デイ
2021/8/7,山陽,令和３年度山陽小野田市営第１回第２節,普通,デイ
2021/8/7,川口,令和３年度川口市営第５回第２節,普通,ナイター
2021/8/8,山陽,令和３年度山陽小野田市営第１回第２節,普通,デイ
2021/8/8,川口,令和３年度川口市営第５回第２節,普通,ナイター
2021/8/9,山陽,令和３年度山陽小野田市営第１回第２節,普通,デイ
2021/8/9,川口,令和３年度川口市営第５回第２節,普通,ナイター
2021/8/10,山陽,令和３年度山陽小野田市営第１回第２節,普通,デイ
2021/8/11,伊勢崎,ＳＧオートレースグランプリ,普通,ナイター
2021/8/12,伊勢崎,ＳＧオートレースグランプリ,普通,ナイター
2021/8/13,伊勢崎,ＳＧオートレースグランプリ,普通,ナイター
2021/8/14,伊勢崎,ＳＧオートレースグランプリ,普通,ナイター
2021/8/15,伊勢崎,ＳＧオートレースグランプリ,普通,ナイター
2021/8/16,飯塚,令和３年度飯塚市営第４回第２節,普通,デイ
2021/8/17,飯塚,令和３年度飯塚市営第４回第２節,普通,デイ
2021/8/18,飯塚,令和３年度飯塚市営第４回第２節,普通,デイ
2021/8/19,川口,令和３年度川口市営第６回第１節,普通,ナイター
2021/8/19,飯塚,令和３年度飯塚市営第４回第２節,普通,デイ
2021/8/20,川口,令和３年度川口市営第６回第１節,普通,ナイター
2021/8/20,浜松,令和３年度浜松市営第３回第２節,普通,デイ
2021/8/21,川口,令和３年度川口市営第６回第１節,普通,ナイター
2021/8/21,浜松,令和３年度浜松市営第３回第２節,普通,デイ
2021/8/22,浜松,令和３年度浜松市営第３回第２節,普通,デイ
2021/8/22,飯塚,令和３年度飯塚市営第５回第１節,普通,ナイター
2021/8/23,飯塚,令和３年度飯塚市営第５回第１節,普通,ナイター
2021/8/24,飯塚,令和３年度飯塚市営第５回第１節,普通,ナイター
2021/8/25,川口,ＧⅠキューポラ杯,GI,ナイター
2021/8/26,川口,ＧⅠキューポラ杯,GI,ナイター
2021/8/27,川口,ＧⅠキューポラ杯,GI,ナイター
2021/8/27,浜松,令和３年度浜松市営第６回第１節,普通,デイ
2021/8/28,川口,ＧⅠキューポラ杯,GI,ナイター
2021/8/28,浜松,令和３年度浜松市営第６回第１節,普通,デイ
2021/8/29,川口,ＧⅠキューポラ杯,GI,ナイター
2021/8/29,浜松,令和３年度浜松市営第６回第１節,普通,デイ
2021/8/30,伊勢崎,令和３年度伊勢崎市営第５回第２節,普通,ナイター
2021/8/30,山陽,令和３年度山陽小野田市営第２回第３節,普通,デイ
2021/8/31,伊勢崎,令和３年度伊勢崎市営第５回第２節,普通,ナイター
2021/8/31,山陽,令和３年度山陽小野田市営第２回第３節,普通,デイ
2021/9/1,伊勢崎,令和３年度伊勢崎市営第５回第２節,普通,ナイター
2021/9/1,山陽,令和３年度山陽小野田市営第２回第３節,普通,デイ
2021/9/2,飯塚,令和３年度飯塚市営第５回第２節,普通,ナイター
2021/9/3,飯塚,令和３年度飯塚市営第５回第２節,普通,ナイター
2021/9/4,川口,令和３年度川口市営第７回第２節,普通,デイ
2021/9/4,飯塚,令和３年度飯塚市営第５回第２節,普通,ナイター
2021/9/5,川口,令和３年度川口市営第７回第２節,普通,デイ
2021/9/5,飯塚,令和３年度飯塚市営第１４回第１節,普通,デイ
2021/9/6,川口,令和３年度川口市営第７回第２節,普通,デイ
2021/9/6,飯塚,令和３年度飯塚市営第１４回第１節,普通,デイ
2021/9/7,川口,令和３年度川口市営第７回第２節,普通,デイ
2021/9/7,飯塚,令和３年度飯塚市営第１４回第１節,普通,デイ
2021/9/8,伊勢崎,ＧⅠムーンライトチャンピオンカップ,GI,ナイター
2021/9/9,伊勢崎,ＧⅠムーンライトチャンピオンカップ,GI,ナイター
2021/9/10,伊勢崎,ＧⅠムーンライトチャンピオンカップ,GI,ナイター
2021/9/11,伊勢崎,ＧⅠムーンライトチャンピオンカップ,GI,ナイター
2021/9/12,伊勢崎,ＧⅠムーンライトチャンピオンカップ,GI,ナイター
2021/9/13,山陽,令和３年度山陽小野田市営第４回第１節,普通,ナイター
2021/9/14,山陽,令和３年度山陽小野田市営第４回第１節,普通,ナイター
2021/9/15,山陽,令和３年度山陽小野田市営第４回第１節,普通,ナイター
2021/9/16,浜松,令和３年度浜松市営第７回第１節,普通,デイ
2021/9/16,飯塚,令和３年度飯塚市営第１４回第２節,普通,デイ
2021/9/17,浜松,令和３年度浜松市営第７回第１節,普通,デイ
2021/9/17,飯塚,令和３年度飯塚市営第１４回第２節,普通,デイ
2021/9/18,浜松,令和３年度浜松市営第７回第１節,普通,デイ
2021/9/18,飯塚,令和３年度飯塚市営第１４回第２節,普通,デイ
2021/9/19,伊勢崎,令和３年度伊勢崎市営第５回第３節,普通,ナイター
2021/9/19,浜松,令和３年度浜松市営第７回第１節,普通,デイ
2021/9/20,伊勢崎,令和３年度伊勢崎市営第５回第３節,普通,ナイター
2021/9/21,伊勢崎,令和３年度伊勢崎市営第５回第３節,普通,ナイター
2021/9/22,飯塚,ＳＧ全日本選抜オートレース,普通,ナイター
2021/9/23,飯塚,ＳＧ全日本選抜オートレース,普通,ナイター
2021/9/24,飯塚,ＳＧ全日本選抜オートレース,普通,ナイター
2021/9/25,飯塚,ＳＧ全日本選抜オートレース,普通,ナイター
2021/9/26,飯塚,ＳＧ全日本選抜オートレース,普通,ナイター
2021/9/27,山陽,令和３年度山陽小野田市営第９回第１節,普通,デイ
2021/9/27,浜松,令和３年度浜松市営第７回第２節,普通,デイ
2021/9/28,山陽,令和３年度山陽小野田市営第９回第１節,普通,デイ
2021/9/28,浜松,令和３年度浜松市営第７回第２節,普通,デイ
2021/9/29,山陽,令和３年度山陽小野田市営第９回第１節,普通,デイ
2021/9/29,浜松,令和３年度浜松市営第７回第２節,普通,デイ
2021/9/30,山陽,令和３年度山陽小野田市営第９回第１節,普通,デイ
2021/9/30,浜松,令和３年度浜松市営第７回第２節,普通,デイ
2021/10/1,伊勢崎,令和３年度伊勢崎市営第８回第１節,普通,ナイター
2021/10/2,伊勢崎,令和３年度伊勢崎市営第８回第１節,普通,ナイター
2021/10/2,飯塚,令和３年度飯塚市営第６回第２節,普通,デイ
2021/10/3,伊勢崎,令和３年度伊勢崎市営第８回第１節,普通,ナイター
2021/10/3,飯塚,令和３年度飯塚市営第６回第２節,普通,デイ
2021/10/4,飯塚,令和３年度飯塚市営第６回第２節,普通,デイ
2021/10/5,飯塚,令和３年度飯塚市営第６回第２節,普通,デイ
2021/10/6,浜松,ＧⅡウィナーズカップ,GII,デイ
2021/10/6,飯塚,令和３年度飯塚市営第１４回第３節,普通,デイ
2021/10/7,浜松,ＧⅡウィナーズカップ,GII,デイ
2021/10/7,飯塚,令和３年度飯塚市営第１４回第３節,普通,デイ
2021/10/8,浜松,ＧⅡウィナーズカップ,GII,デイ
2021/10/8,飯塚,令和３年度飯塚市営第１４回第３節,普通,デイ
2021/10/9,伊勢崎,令和３年度伊勢崎市営第９回第１節,普通,ナイター
2021/10/9,浜松,ＧⅡウィナーズカップ,GII,デイ
2021/10/10,伊勢崎,令和３年度伊勢崎市営第９回第１節,普通,ナイター
2021/10/10,浜松,ＧⅡウィナーズカップ,GII,デイ
2021/10/11,伊勢崎,令和３年度伊勢崎市営第９回第１節,普通,ナイター
2021/10/11,飯塚,令和３年度飯塚市営第５回第３節,普通,デイ
2021/10/12,伊勢崎,令和３年度伊勢崎市営第９回第１節,普通,ナイター
2021/10/12,飯塚,令和３年度飯塚市営第５回第３節,普通,デイ
2021/10/13,飯塚,令和３年度飯塚市営第５回第３節,普通,デイ
2021/10/14,伊勢崎,令和３年度伊勢崎市営第６回第２節,普通,ナイター
2021/10/14,山陽,令和３年度山陽小野田市営第３回第２節,普通,デイ
2021/10/15,伊勢崎,令和３年度伊勢崎市営第６回第２節,普通,ナイター
2021/10/15,山陽,令和３年度山陽小野田市営第３回第２節,普通,デイ
2021/10/16,伊勢崎,令和３年度伊勢崎市営第６回第２節,普通,ナイター
2021/10/16,山陽,令和３年度山陽小野田市営第３回第２節,普通,デイ
2021/10/17,伊勢崎,令和３年度伊勢崎市営第６回第２節,普通,ナイター
2021/10/17,山陽,令和３年度山陽小野田市営第３回第２節,普通,デイ
2021/10/18,浜松,令和３年度浜松市営第８回第１節,普通,デイ
2021/10/18,飯塚,令和３年度飯塚市営第１６回第１節,普通,デイ
2021/10/19,浜松,令和３年度浜松市営第８回第１節,普通,デイ
2021/10/19,飯塚,令和３年度飯塚市営第１６回第１節,普通,デイ
2021/10/20,浜松,令和３年度浜松市営第８回第１節,普通,デイ
2021/10/20,飯塚,令和３年度飯塚市営第１６回第１節,普通,デイ
2021/10/21,浜松,令和３年度浜松市営第８回第１節,普通,デイ
2021/10/21,飯塚,令和３年度飯塚市営第１６回第１節,普通,デイ
2021/10/22,飯塚,令和３年度飯塚市営第１６回第１節,普通,デイ
2021/10/23,伊勢崎,令和３年度伊勢崎市営第９回第２節,普通,ナイター
2021/10/23,川口,令和３年度川口市営第６回第２節,普通,デイ
2021/10/24,伊勢崎,令和３年度伊勢崎市営第９回第２節,普通,ナイター
2021/10/24,川口,令和３年度川口市営第６回第２節,普通,デイ
2021/10/25,伊勢崎,令和３年度伊勢崎市営第９回第２節,普通,ナイター
2021/10/25,川口,令和３年度川口市営第６回第２節,普通,デイ
2021/10/26,伊勢崎,令和３年度伊勢崎市営第９回第２節,普通,ナイター
2021/10/26,山陽,令和３年度山陽小野田市営第５回第１節,普通,デイ
2021/10/27,伊勢崎,令和３年度伊勢崎市営第９回第２節,普通,ナイター
2021/10/27,山陽,令和３年度山陽小野田市営第５回第１節,普通,デイ
2021/10/28,山陽,令和３年度山陽小野田市営第５回第１節,普通,デイ
2021/10/29,山陽,令和３年度山陽小野田市営第５回第１節,普通,デイ
2021/10/30,川口,令和３年度川口市営第８回第１節,普通,デイ
2021/10/30,飯塚,令和３年度飯塚市営第１２回第２節,普通,デイ
2021/10/31,川口,令和３年度川口市営第８回第１節,普通,デイ
2021/10/31,飯塚,令和３年度飯塚市営第１２回第２節,普通,デイ
2021/11/1,川口,令和３年度川口市営第８回第１節,普通,デイ
2021/11/1,飯塚,令和３年度飯塚市営第１２回第２節,普通,デイ
2021/11/2,川口,令和３年度川口市営第８回第１節,普通,デイ
2021/11/2,飯塚,令和３年度飯塚市営第１２回第２節,普通,デイ
2021/11/3,山陽,令和３年度山陽小野田市営第９回第２節,普通,デイ
2021/11/3,浜松,ＳＧ日本選手権オートレース,普通,デイ
2021/11/4,山陽,令和３年度山陽小野田市営第９回第２節,普通,デイ
2021/11/4,浜松,ＳＧ日本選手権オートレース,普通,デイ
2021/11/5,山陽,令和３年度山陽小野田市営第９回第２節,普通,デイ
2021/11/5,浜松,ＳＧ日本選手権オートレース,普通,デイ
2021/11/6,山陽,令和３年度山陽小野田市営第９回第２節,普通,デイ
2021/11/6,浜松,ＳＧ日本選手権オートレース,普通,デイ
2021/11/7,伊勢崎,令和３年度伊勢崎市営第７回第２節,普通,ナイター
2021/11/7,浜松,ＳＧ日本選手権オートレース,普通,デイ
2021/11/8,伊勢崎,令和３年度伊勢崎市営第７回第２節,普通,ナイター
2021/11/8,飯塚,令和３年度飯塚市営第７回第１節,普通,デイ
2021/11/9,伊勢崎,令和３年度伊勢崎市営第７回第２節,普通,ナイター
2021/11/9,飯塚,令和３年度飯塚市営第７回第１節,普通,デイ
2021/11/10,伊勢崎,令和３年度伊勢崎市営第７回第２節,普通,ナイター
2021/11/10,飯塚,令和３年度飯塚市営第７回第１節,普通,デイ
2021/11/11,川口,令和３年度川口市営第８回第２節,普通,デイ
2021/11/11,飯塚,令和３年度飯塚市営第７回第２節,普通,デイ
2021/11/12,川口,令和３年度川口市営第８回第２節,普通,デイ
2021/11/12,飯塚,令和３年度飯塚市営第７回第２節,普通,デイ
2021/11/13,川口,令和３年度川口市営第８回第２節,普通,デイ
2021/11/13,飯塚,令和３年度飯塚市営第７回第２節,普通,デイ
2021/11/14,伊勢崎,令和３年度伊勢崎市営第８回第２節,普通,ナイター
2021/11/14,川口,令和３年度川口市営第８回第２節,普通,デイ
2021/11/15,伊勢崎,令和３年度伊勢崎市営第８回第２節,普通,ナイター
2021/11/16,伊勢崎,令和３年度伊勢崎市営第８回第２節,普通,ナイター
2021/11/16,飯塚,令和３年度飯塚市営第７回第３節,普通,デイ
2021/11/17,川口,令和３年度川口市営第１６回第１節,普通,ナイター
2021/11/17,飯塚,令和３年度飯塚市営第７回第３節,普通,デイ
2021/11/18,川口,令和３年度川口市営第１６回第１節,普通,ナイター
2021/11/18,飯塚,令和３年度飯塚市営第７回第３節,普通,デイ
2021/11/19,山陽,ＧⅡ若獅子杯争奪戦,GII,デイ
2021/11/19,川口,令和３年度川口市営第１６回第１節,普通,ナイター
2021/11/20,山陽,ＧⅡ若獅子杯争奪戦,GII,デイ
2021/11/20,川口,令和３年度川口市営第１６回第１節,普通,ナイター
2021/11/21,伊勢崎,令和３年度伊勢崎市営第１３回第１節,普通,ナイター
2021/11/21,山陽,ＧⅡ若獅子杯争奪戦,GII,デイ
2021/11/22,伊勢崎,令和３年度伊勢崎市営第１３回第１節,普通,ナイター
2021/11/22,山陽,ＧⅡ若獅子杯争奪戦,GII,デイ
2021/11/23,伊勢崎,令和３年度伊勢崎市営第１３回第１節,普通,ナイター
2021/11/23,山陽,ＧⅡ若獅子杯争奪戦,GII,デイ
2021/11/24,川口,令和３年度川口市営第９回第１節,普通,デイ
2021/11/24,飯塚,令和３年度飯塚市営第１７回第１節,普通,デイ
2021/11/25,川口,令和３年度川口市営第９回第１節,普通,デイ
2021/11/25,飯塚,令和３年度飯塚市営第１７回第１節,普通,デイ
2021/11/26,川口,令和３年度川口市営第９回第１節,普通,デイ
2021/11/26,飯塚,令和３年度飯塚市営第１７回第１節,普通,デイ
2021/11/27,山陽,令和３年度山陽小野田市営第４回第２節,普通,デイ
2021/11/27,川口,令和３年度川口市営第９回第１節,普通,デイ
2021/11/28,伊勢崎,令和３年度伊勢崎市営第１０回第１節,普通,デイ
2021/11/28,山陽,令和３年度山陽小野田市営第４回第２節,普通,デイ
2021/11/29,伊勢崎,令和３年度伊勢崎市営第１０回第１節,普通,デイ
2021/11/29,山陽,令和３年度山陽小野田市営第４回第２節,普通,デイ
2021/11/30,伊勢崎,令和３年度伊勢崎市営第１０回第１節,普通,デイ
2021/12/1,飯塚,ＧⅠ開設記念レース,GI,デイ
2021/12/2,川口,令和３年度川口市営第１７回第１節,普通,ナイター
2021/12/2,飯塚,ＧⅠ開設記念レース,GI,デイ
2021/12/3,川口,令和３年度川口市営第１７回第１節,普通,ナイター
2021/12/3,飯塚,ＧⅠ開設記念レース,GI,デイ
2021/12/4,川口,令和３年度川口市営第１７回第１節,普通,ナイター
2021/12/4,飯塚,ＧⅠ開設記念レース,GI,デイ
2021/12/5,川口,令和３年度川口市営第１７回第１節,普通,ナイター
2021/12/5,飯塚,ＧⅠ開設記念レース,GI,デイ
2021/12/6,伊勢崎,令和３年度伊勢崎市営第１３回第２節,普通,デイ
2021/12/6,山陽,令和３年度山陽小野田市営第１０回第１節,普通,デイ
2021/12/7,伊勢崎,令和３年度伊勢崎市営第１３回第２節,普通,デイ
2021/12/7,山陽,令和３年度山陽小野田市営第１０回第１節,普通,デイ
2021/12/8,伊勢崎,令和３年度伊勢崎市営第１３回第２節,普通,デイ
2021/12/8,山陽,令和３年度山陽小野田市営第１０回第１節,普通,デイ
2021/12/9,山陽,令和３年度山陽小野田市営第１０回第１節,普通,デイ
2021/12/9,川口,令和３年度川口市営第９回第２節,普通,デイ
2021/12/10,川口,令和３年度川口市営第９回第２節,普通,デイ
2021/12/11,川口,令和３年度川口市営第９回第２節,普通,デイ
2021/12/11,飯塚,令和３年度飯塚市営第８回第２節,普通,ナイター
2021/12/12,川口,令和３年度川口市営第９回第２節,普通,デイ
2021/12/12,飯塚,令和３年度飯塚市営第８回第２節,普通,ナイター
2021/12/13,飯塚,令和３年度飯塚市営第８回第２節,普通,ナイター
2021/12/14,飯塚,令和３年度飯塚市営第８回第２節,普通,ナイター
2021/12/15,山陽,ＧⅠスピード王決定戦,GI,デイ
2021/12/15,川口,令和３年度川口市営第１８回第１節,普通,ナイター
2021/12/16,山陽,ＧⅠスピード王決定戦,GI,デイ
2021/12/16,川口,令和３年度川口市営第１８回第１節,普通,ナイター
2021/12/17,山陽,ＧⅠスピード王決定戦,GI,デイ
2021/12/17,川口,令和３年度川口市営第１８回第１節,普通,ナイター
2021/12/18,山陽,ＧⅠスピード王決定戦,GI,デイ
2021/12/18,川口,令和３年度川口市営第１８回第１節,普通,ナイター
2021/12/19,山陽,ＧⅠスピード王決定戦,GI,デイ
2021/12/20,川口,令和３年度川口市営第１０回第１節,普通,デイ
2021/12/20,飯塚,令和３年度飯塚市営第９回第１節,普通,デイ
2021/12/21,川口,令和３年度川口市営第１０回第１節,普通,デイ
2021/12/21,飯塚,令和３年度飯塚市営第９回第１節,普通,デイ
2021/12/22,川口,令和３年度川口市営第１０回第１節,普通,デイ
2021/12/22,飯塚,令和３年度飯塚市営第９回第１節,普通,デイ
2021/12/23,川口,令和３年度川口市営第１０回第１節,普通,デイ
2021/12/23,飯塚,令和３年度飯塚市営第９回第１節,普通,デイ
2021/12/24,伊勢崎,令和３年度伊勢崎市営第１１回第１節,普通,デイ
2021/12/24,山陽,令和３年度山陽小野田市営第４回第３節,普通,デイ
2021/12/25,伊勢崎,令和３年度伊勢崎市営第１１回第１節,普通,デイ
2021/12/25,山陽,令和３年度山陽小野田市営第４回第３節,普通,デイ
2021/12/26,伊勢崎,令和３年度伊勢崎市営第１１回第１節,普通,デイ
2021/12/26,山陽,令和３年度山陽小野田市営第４回第３節,普通,デイ
2021/12/27,川口,スーパースターフェスタ,普通,デイ
2021/12/27,飯塚,令和３年度飯塚市営第１８回第１節,普通,デイ
2021/12/28,川口,スーパースターフェスタ,普通,デイ
2021/12/28,飯塚,令和３年度飯塚市営第１８回第１節,普通,デイ
2021/12/29,川口,スーパースターフェスタ,普通,デイ
2021/12/29,飯塚,令和３年度飯塚市営第１８回第１節,普通,デイ
2021/12/30,川口,スーパースターフェスタ,普通,デイ
2021/12/30,飯塚,令和３年度飯塚市営第１８回第１節,普通,デイ
2021/12/31,川口,スーパースターフェスタ,普通,デイ
2021/12/31,飯塚,令和３年度飯塚市営第１８回第１節,普通,デイ
2022/1/2,川口,令和３年度川口市営第１１回第１節,普通,デイ
2022/1/3,川口,令和３年度川口市営第１１回第１節,普通,デイ
2022/1/3,飯塚,令和３年度飯塚市営第１０回第１節,普通,ナイター
2022/1/4,川口,令和３年度川口市営第１１回第１節,普通,デイ
2022/1/4,飯塚,令和３年度飯塚市営第１０回第１節,普通,ナイター
2022/1/5,川口,令和３年度川口市営第１１回第１節,普通,デイ
2022/1/5,飯塚,令和３年度飯塚市営第１０回第１節,普通,ナイター
2022/1/6,伊勢崎,ＧⅠ開場記念シルクカップ,GI,デイ
2022/1/6,飯塚,令和３年度飯塚市営第１９回第１節,普通,デイ
2022/1/7,伊勢崎,ＧⅠ開場記念シルクカップ,GI,デイ
2022/1/7,飯塚,令和３年度飯塚市営第１９回第１節,普通,デイ
2022/1/8,伊勢崎,ＧⅠ開場記念シルクカップ,GI,デイ
2022/1/8,飯塚,令和３年度飯塚市営第１９回第１節,普通,デイ
2022/1/9,伊勢崎,ＧⅠ開場記念シルクカップ,GI,デイ
2022/1/10,伊勢崎,ＧⅠ開場記念シルクカップ,GI,デイ
2022/1/11,飯塚,令和３年度飯塚市営第１０回第２節,普通,ナイター
2022/1/12,川口,令和３年度川口市営第１１回第２節,普通,デイ
2022/1/12,飯塚,令和３年度飯塚市営第１０回第２節,普通,ナイター
2022/1/13,川口,令和３年度川口市営第１１回第２節,普通,デイ
2022/1/13,飯塚,令和３年度飯塚市営第１０回第２節,普通,ナイター
2022/1/14,川口,令和３年度川口市営第１１回第２節,普通,デイ
2022/1/14,飯塚,令和３年度飯塚市営第２０回第１節,普通,デイ
2022/1/15,川口,令和３年度川口市営第１１回第２節,普通,デイ
2022/1/15,飯塚,令和３年度飯塚市営第２０回第１節,普通,デイ
2022/1/16,川口,令和３年度川口市営第１１回第２節,普通,デイ
2022/1/16,飯塚,令和３年度飯塚市営第２０回第１節,普通,デイ
2022/1/18,山陽,令和３年度山陽小野田市営第６回第２節,普通,ナイター
2022/1/19,山陽,令和３年度山陽小野田市営第６回第２節,普通,ナイター
2022/1/20,山陽,令和３年度山陽小野田市営第６回第２節,普通,ナイター
2022/1/21,山陽,令和３年度山陽小野田市営第６回第２節,普通,ナイター
2022/1/22,伊勢崎,令和３年度伊勢崎市営第１２回第２節,普通,デイ
2022/1/22,飯塚,令和３年度飯塚市営第１０回第３節,普通,ナイター
2022/1/23,伊勢崎,令和３年度伊勢崎市営第１２回第２節,普通,デイ
2022/1/23,飯塚,令和３年度飯塚市営第１０回第３節,普通,ナイター
2022/1/24,伊勢崎,令和３年度伊勢崎市営第１２回第２節,普通,デイ
2022/1/24,飯塚,令和３年度飯塚市営第１０回第３節,普通,ナイター
2022/1/25,伊勢崎,令和３年度伊勢崎市営第１２回第２節,普通,デイ
2022/1/26,飯塚,ＧⅡオーバルチャンピオンカップ,GII,ナイター
2022/1/27,飯塚,ＧⅡオーバルチャンピオンカップ,GII,ナイター
2022/1/28,飯塚,ＧⅡオーバルチャンピオンカップ,GII,ナイター
2022/1/29,飯塚,ＧⅡオーバルチャンピオンカップ,GII,ナイター
2022/1/30,飯塚,ＧⅡオーバルチャンピオンカップ,GII,ナイター
2022/1/31,伊勢崎,令和３年度伊勢崎市営第１４回第１節,普通,デイ
2022/2/1,伊勢崎,令和３年度伊勢崎市営第１４回第１節,普通,デイ
2022/2/1,山陽,令和３年度山陽小野田市営第１０回第２節,普通,デイ
2022/2/2,伊勢崎,令和３年度伊勢崎市営第１４回第１節,普通,デイ
2022/2/2,山陽,令和３年度山陽小野田市営第１０回第２節,普通,デイ
2022/2/3,山陽,令和３年度山陽小野田市営第１０回第２節,普通,デイ
2022/2/3,浜松,令和３年度浜松市営第３回第３節,普通,デイ
2022/2/4,山陽,令和３年度山陽小野田市営第１０回第２節,普通,デイ
2022/2/4,浜松,令和３年度浜松市営第３回第３節,普通,デイ
2022/2/5,伊勢崎,令和３年度伊勢崎市営第１０回第２節,普通,ナイター
2022/2/5,浜松,令和３年度浜松市営第３回第３節,普通,デイ
2022/2/6,伊勢崎,令和３年度伊勢崎市営第１０回第２節,普通,ナイター
2022/2/6,山陽,令和３年度山陽小野田市営第７回第１節,普通,デイ
2022/2/7,伊勢崎,令和３年度伊勢崎市営第１０回第２節,普通,ナイター
2022/2/7,山陽,令和３年度山陽小野田市営第７回第１節,普通,デイ
2022/2/8,伊勢崎,令和３年度伊勢崎市営第１０回第２節,普通,ナイター
2022/2/8,山陽,令和３年度山陽小野田市営第７回第１節,普通,デイ
2022/2/9,伊勢崎,令和３年度伊勢崎市営第１０回第２節,普通,ナイター
2022/2/9,浜松,ＧⅠスピード王決定戦,GI,デイ
2022/2/10,山陽,令和３年度山陽小野田市営第１１回第１節,普通,デイ
2022/2/10,浜松,ＧⅠスピード王決定戦,GI,デイ
2022/2/11,山陽,令和３年度山陽小野田市営第１１回第１節,普通,デイ
2022/2/11,浜松,ＧⅠスピード王決定戦,GI,デイ
2022/2/12,山陽,令和３年度山陽小野田市営第１１回第１節,普通,デイ
2022/2/12,浜松,ＧⅠスピード王決定戦,GI,デイ
2022/2/13,山陽,令和３年度山陽小野田市営第１１回第１節,普通,デイ
2022/2/13,浜松,ＧⅠスピード王決定戦,GI,デイ
2022/2/14,川口,令和３年度川口市営第１２回第１節,普通,デイ
2022/2/15,山陽,令和３年度山陽小野田市営第１２回第１節,普通,デイ
2022/2/15,川口,令和３年度川口市営第１２回第１節,普通,デイ
2022/2/16,山陽,令和３年度山陽小野田市営第１２回第１節,普通,デイ
2022/2/16,川口,令和３年度川口市営第１２回第１節,普通,デイ
2022/2/17,山陽,令和３年度山陽小野田市営第１２回第１節,普通,デイ
2022/2/17,川口,令和３年度川口市営第１２回第１節,普通,デイ
2022/2/18,山陽,令和３年度山陽小野田市営第１２回第１節,普通,デイ
2022/2/19,伊勢崎,令和３年度伊勢崎市営第１３回第３節,普通,ナイター
2022/2/19,川口,ＧⅠ開設記念グランプリレース,GI,デイ
2022/2/20,伊勢崎,令和３年度伊勢崎市営第１３回第３節,普通,ナイター
2022/2/20,川口,ＧⅠ開設記念グランプリレース,GI,デイ
2022/2/21,伊勢崎,令和３年度伊勢崎市営第１３回第３節,普通,ナイター
2022/2/21,川口,ＧⅠ開設記念グランプリレース,GI,デイ
2022/2/22,山陽,令和３年度山陽小野田市営第１１回第２節,普通,デイ
2022/2/22,川口,ＧⅠ開設記念グランプリレース,GI,デイ
2022/2/23,山陽,令和３年度山陽小野田市営第１１回第２節,普通,デイ
2022/2/23,川口,ＧⅠ開設記念グランプリレース,GI,デイ
2022/2/24,山陽,令和３年度山陽小野田市営第１１回第２節,普通,デイ
2022/2/24,浜松,令和３年度浜松市営第９回第２節,普通,デイ
2022/2/25,山陽,令和３年度山陽小野田市営第１１回第２節,普通,デイ
2022/2/25,浜松,令和３年度浜松市営第９回第２節,普通,デイ
2022/2/26,山陽,令和３年度山陽小野田市営第１１回第２節,普通,デイ
2022/2/26,浜松,令和３年度浜松市営第９回第２節,普通,デイ
2022/2/27,川口,令和３年度川口市営第６回第３節,普通,デイ
2022/2/28,山陽,令和３年度山陽小野田市営第１３回第１節,普通,デイ
2022/2/28,川口,令和３年度川口市営第６回第３節,普通,デイ
2022/3/1,山陽,令和３年度山陽小野田市営第１３回第１節,普通,デイ
2022/3/1,川口,令和３年度川口市営第６回第３節,普通,デイ
2022/3/2,伊勢崎,ＧⅡレジェンドカップ,GII,デイ
2022/3/2,山陽,令和３年度山陽小野田市営第１３回第１節,普通,デイ
2022/3/3,伊勢崎,ＧⅡレジェンドカップ,GII,デイ
2022/3/3,山陽,令和３年度山陽小野田市営第１３回第１節,普通,デイ
2022/3/4,伊勢崎,ＧⅡレジェンドカップ,GII,デイ
2022/3/5,伊勢崎,ＧⅡレジェンドカップ,GII,デイ
2022/3/5,山陽,令和３年度山陽小野田市営第１２回第２節,普通,デイ
2022/3/6,伊勢崎,ＧⅡレジェンドカップ,GII,デイ
2022/3/6,山陽,令和３年度山陽小野田市営第１２回第２節,普通,デイ
2022/3/7,山陽,令和３年度山陽小野田市営第１２回第２節,普通,デイ
2022/3/7,浜松,令和３年度浜松市営第１０回第１節,普通,デイ
2022/3/8,山陽,令和３年度山陽小野田市営第１２回第２節,普通,デイ
2022/3/8,浜松,令和３年度浜松市営第１０回第１節,普通,デイ
2022/3/9,山陽,令和３年度山陽小野田市営第１２回第２節,普通,デイ
2022/3/9,浜松,令和３年度浜松市営第１０回第１節,普通,デイ
2022/3/10,川口,令和３年度川口市営第１３回第１節,普通,デイ
2022/3/11,山陽,令和３年度山陽小野田市営第１４回第１節,普通,デイ
2022/3/11,川口,令和３年度川口市営第１３回第１節,普通,デイ
2022/3/12,山陽,令和３年度山陽小野田市営第１４回第１節,普通,デイ
2022/3/12,川口,令和３年度川口市営第１３回第１節,普通,デイ
2022/3/13,山陽,令和３年度山陽小野田市営第１４回第１節,普通,デイ
2022/3/13,川口,令和３年度川口市営第１３回第１節,普通,デイ
2022/3/14,伊勢崎,令和３年度伊勢崎市営第８回第３節,普通,デイ
2022/3/14,山陽,令和３年度山陽小野田市営第１４回第１節,普通,デイ
2022/3/15,伊勢崎,令和３年度伊勢崎市営第８回第３節,普通,デイ
2022/3/16,伊勢崎,令和３年度伊勢崎市営第８回第３節,普通,デイ
2022/3/16,川口,令和３年度川口市営第１９回第１節,普通,ナイター
2022/3/17,山陽,特別ＧⅠ共同通信社杯プレミアムカップ,GI,デイ
2022/3/17,川口,令和３年度川口市営第１９回第１節,普通,ナイター
2022/3/18,山陽,特別ＧⅠ共同通信社杯プレミアムカップ,GI,デイ
2022/3/18,川口,令和３年度川口市営第１９回第１節,普通,ナイター
2022/3/19,山陽,特別ＧⅠ共同通信社杯プレミアムカップ,GI,デイ
2022/3/19,川口,令和３年度川口市営第１９回第１節,普通,ナイター
2022/3/20,伊勢崎,令和３年度伊勢崎市営第１１回第２節,普通,ナイター
2022/3/20,山陽,特別ＧⅠ共同通信社杯プレミアムカップ,GI,デイ
2022/3/21,伊勢崎,令和３年度伊勢崎市営第１１回第２節,普通,ナイター
2022/3/21,山陽,特別ＧⅠ共同通信社杯プレミアムカップ,GI,デイ
2022/3/22,伊勢崎,令和３年度伊勢崎市営第１１回第２節,普通,ナイター
2022/3/22,川口,令和３年度川口市営第１３回第２節,普通,デイ
2022/3/23,伊勢崎,令和３年度伊勢崎市営第１１回第２節,普通,ナイター
2022/3/23,川口,令和３年度川口市営第１３回第２節,普通,デイ
2022/3/24,伊勢崎,令和３年度伊勢崎市営第１１回第２節,普通,ナイター
2022/3/24,川口,令和３年度川口市営第１３回第２節,普通,デイ
2022/3/25,山陽,ＧⅡミッドナイトチャンピオンカップ,GII,デイ
2022/3/25,川口,令和３年度川口市営第１３回第２節,普通,デイ
2022/3/26,山陽,ＧⅡミッドナイトチャンピオンカップ,GII,デイ
2022/3/26,浜松,令和３年度浜松市営第１０回第２節,普通,デイ
2022/3/27,山陽,ＧⅡミッドナイトチャンピオンカップ,GII,デイ
2022/3/27,浜松,令和３年度浜松市営第１０回第２節,普通,デイ
2022/3/28,山陽,ＧⅡミッドナイトチャンピオンカップ,GII,デイ
2022/3/28,浜松,令和３年度浜松市営第１０回第２節,普通,デイ
2022/3/29,山陽,ＧⅡミッドナイトチャンピオンカップ,GII,デイ
2022/3/29,浜松,令和３年度浜松市営第１０回第２節,普通,デイ
2022/4/2,山陽,令和４年度山陽小野田市営　山陽ミッドナイト　４／２～,普通,ミッドナイト
2022/4/2,川口,令和４年度川口市営 普通開催 ４／２～,普通,ナイター
2022/4/2,浜松,令和４年度浜松市営　普通開催　４／２～,普通,デイ
2022/4/3,山陽,令和４年度山陽小野田市営　山陽ミッドナイト　４／２～,普通,ミッドナイト
2022/4/3,川口,令和４年度川口市営 普通開催 ４／２～,普通,ナイター
2022/4/3,浜松,令和４年度浜松市営　普通開催　４／２～,普通,デイ
2022/4/4,山陽,令和４年度山陽小野田市営　山陽ミッドナイト　４／２～,普通,ミッドナイト
2022/4/4,川口,令和４年度川口市営 普通開催 ４／２～,普通,ナイター
2022/4/4,浜松,令和４年度浜松市営　普通開催　４／２～,普通,デイ
2022/4/5,山陽,令和４年度山陽小野田市営　山陽ミッドナイト　４／２～,普通,ミッドナイト
2022/4/5,川口,令和４年度川口市営 普通開催 ４／２～,普通,ナイター
2022/4/5,浜松,令和４年度浜松市営　普通開催　４／２～,普通,デイ
2022/4/6,山陽,令和４年度山陽小野田市営　山陽ミッドナイト　４／２～,普通,ミッドナイト
2022/4/6,川口,令和４年度川口市営 普通開催 ４／２～,普通,ナイター
2022/4/6,浜松,令和４年度浜松市営　普通開催　４／２～,普通,デイ
2022/4/7,伊勢崎,令和４年度伊勢崎市営 普通開催 ４／７～,普通,ナイター
2022/4/8,伊勢崎,令和４年度伊勢崎市営 普通開催 ４／７～,普通,ナイター
2022/4/8,山陽,令和４年度山陽小野田市営　山陽ミッドナイト　４／８～,普通,ミッドナイト
2022/4/9,伊勢崎,令和４年度伊勢崎市営 普通開催 ４／７～,普通,ナイター
2022/4/9,山陽,令和４年度山陽小野田市営　山陽ミッドナイト　４／８～,普通,ミッドナイト
2022/4/9,川口,令和４年度川口市営　普通開催　４／９～,普通,デイ
2022/4/10,伊勢崎,令和４年度伊勢崎市営 普通開催 ４／７～,普通,ナイター
2022/4/10,山陽,令和４年度山陽小野田市営　山陽ミッドナイト　４／８～,普通,ミッドナイト
2022/4/10,川口,令和４年度川口市営　普通開催　４／９～,普通,デイ
2022/4/11,伊勢崎,令和４年度伊勢崎市営 普通開催 ４／７～,普通,ナイター
2022/4/11,川口,令和４年度川口市営　普通開催　４／９～,普通,デイ
2022/4/12,川口,令和４年度川口市営　普通開催　４／９～,普通,デイ
2022/4/13,山陽,ＧⅠ令和グランドチャンピオンカップ,GI,デイ
2022/4/13,川口,令和４年度川口市営　川口ナイトレース　４／１３～,普通,ナイター
2022/4/14,山陽,ＧⅠ令和グランドチャンピオンカップ,GI,デイ
2022/4/14,川口,令和４年度川口市営　川口ナイトレース　４／１３～,普通,ナイター
2022/4/15,山陽,ＧⅠ令和グランドチャンピオンカップ,GI,デイ
2022/4/15,川口,令和４年度川口市営　川口ナイトレース　４／１３～,普通,ナイター
2022/4/16,伊勢崎,令和４年度伊勢崎市営　伊勢崎アフター５　４／１６～,普通,ナイター
2022/4/16,山陽,ＧⅠ令和グランドチャンピオンカップ,GI,デイ
2022/4/17,伊勢崎,令和４年度伊勢崎市営　伊勢崎アフター５　４／１６～,普通,ナイター
2022/4/17,山陽,ＧⅠ令和グランドチャンピオンカップ,GI,デイ
2022/4/18,伊勢崎,令和４年度伊勢崎市営　伊勢崎アフター５　４／１６～,普通,ナイター
2022/4/18,川口,令和４年度川口市営　普通開催　４／１８～,普通,デイ
2022/4/19,伊勢崎,令和４年度伊勢崎市営　伊勢崎アフター５　４／１６～,普通,ナイター
2022/4/19,川口,令和４年度川口市営　普通開催　４／１８～,普通,デイ
2022/4/20,山陽,令和４年度山陽小野田市営　山陽ミッドナイト　４／２０～,普通,ミッドナイト
2022/4/20,川口,令和４年度川口市営　普通開催　４／１８～,普通,デイ
2022/4/21,山陽,令和４年度山陽小野田市営　山陽ミッドナイト　４／２０～,普通,ミッドナイト
2022/4/21,川口,令和４年度川口市営　普通開催　４／１８～,普通,デイ
2022/4/22,山陽,令和４年度山陽小野田市営　山陽ミッドナイト　４／２０～,普通,ミッドナイト
2022/4/22,浜松,令和４年度浜松市営　普通開催　４／２２～,普通,デイ
2022/4/23,伊勢崎,令和４年度伊勢崎市営 普通開催 ４／２３～,普通,ナイター
2022/4/23,浜松,令和４年度浜松市営　普通開催　４／２２～,普通,デイ
2022/4/24,伊勢崎,令和４年度伊勢崎市営 普通開催 ４／２３～,普通,ナイター
2022/4/24,浜松,令和４年度浜松市営　普通開催　４／２２～,普通,デイ
2022/4/25,伊勢崎,令和４年度伊勢崎市営 普通開催 ４／２３～,普通,ナイター
2022/4/26,山陽,令和４年度山陽小野田市営　山陽ミッドナイト　４／２６～,普通,ミッドナイト
2022/4/26,川口,ＳＧオールスター・オートレース,普通,デイ
2022/4/27,山陽,令和４年度山陽小野田市営　山陽ミッドナイト　４／２６～,普通,ミッドナイト
2022/4/27,川口,ＳＧオールスター・オートレース,普通,デイ
2022/4/28,山陽,令和４年度山陽小野田市営　山陽ミッドナイト　４／２６～,普通,ミッドナイト
2022/4/28,川口,ＳＧオールスター・オートレース,普通,デイ
2022/4/29,山陽,令和４年度山陽小野田市営　山陽ミッドナイト　４／２６～,普通,ミッドナイト
2022/4/29,川口,ＳＧオールスター・オートレース,普通,デイ
2022/4/30,伊勢崎,令和４年度伊勢崎市営　伊勢崎アフター５　４／３０～,普通,ナイター
2022/4/30,川口,ＳＧオールスター・オートレース,普通,デイ
2022/5/1,伊勢崎,令和４年度伊勢崎市営　伊勢崎アフター５　４／３０～,普通,ナイター
2022/5/1,川口,ＳＧオールスター・オートレース,普通,デイ
2022/5/2,伊勢崎,令和４年度伊勢崎市営　伊勢崎アフター５　４／３０～,普通,ナイター
2022/5/2,飯塚,令和４年度飯塚市営　普通開催　５／２～,普通,デイ
2022/5/3,伊勢崎,令和４年度伊勢崎市営 普通開催 ５／３～,普通,ナイター
2022/5/3,飯塚,令和４年度飯塚市営　普通開催　５／２～,普通,デイ
2022/5/4,伊勢崎,令和４年度伊勢崎市営 普通開催 ５／３～,普通,ナイター
2022/5/4,飯塚,令和４年度飯塚市営　普通開催　５／２～,普通,デイ
2022/5/5,伊勢崎,令和４年度伊勢崎市営 普通開催 ５／３～,普通,ナイター
2022/5/5,川口,令和４年度川口市営　普通開催　５／５～,普通,デイ
2022/5/6,伊勢崎,令和４年度伊勢崎市営 普通開催 ５／３～,普通,ナイター
2022/5/6,川口,令和４年度川口市営　普通開催　５／５～,普通,デイ
2022/5/7,川口,令和４年度川口市営　普通開催　５／５～,普通,デイ
2022/5/7,飯塚,令和４年度飯塚市営 普通開催 ５／７～,普通,ナイター
2022/5/8,川口,令和４年度川口市営　普通開催　５／８～,普通,デイ
2022/5/8,飯塚,令和４年度飯塚市営 普通開催 ５／７～,普通,ナイター
2022/5/9,川口,令和４年度川口市営　普通開催　５／８～,普通,デイ
2022/5/9,飯塚,令和４年度飯塚市営 普通開催 ５／７～,普通,ナイター
2022/5/10,川口,令和４年度川口市営　普通開催　５／８～,普通,デイ
2022/5/10,飯塚,令和４年度飯塚市営　飯塚ミッドナイト　５／１０～,普通,ミッドナイト
2022/5/11,浜松,ＧⅠ開場記念ゴールデンレース,GI,デイ
2022/5/11,飯塚,令和４年度飯塚市営　飯塚ミッドナイト　５／１０～,普通,ミッドナイト
2022/5/12,浜松,ＧⅠ開場記念ゴールデンレース,GI,デイ
2022/5/12,飯塚,令和４年度飯塚市営　飯塚ミッドナイト　５／１０～,普通,ミッドナイト
2022/5/13,山陽,令和４年度山陽小野田市営　山陽ミッドナイト　５／１３～,普通,ミッドナイト
2022/5/13,浜松,ＧⅠ開場記念ゴールデンレース,GI,デイ
2022/5/14,山陽,令和４年度山陽小野田市営　山陽ミッドナイト　５／１３～,普通,ミッドナイト
2022/5/14,浜松,ＧⅠ開場記念ゴールデンレース,GI,デイ
2022/5/15,山陽,令和４年度山陽小野田市営　山陽ミッドナイト　５／１３～,普通,ミッドナイト
2022/5/15,浜松,ＧⅠ開場記念ゴールデンレース,GI,デイ
2022/5/16,川口,令和４年度川口市営　普通開催　５／１６～,普通,デイ
2022/5/16,飯塚,令和４年度飯塚市営　飯塚ミッドナイト　５／１６～,普通,ミッドナイト
2022/5/17,川口,令和４年度川口市営　普通開催　５／１６～,普通,デイ
2022/5/17,飯塚,令和４年度飯塚市営　飯塚ミッドナイト　５／１６～,普通,ミッドナイト
2022/5/18,川口,令和４年度川口市営　普通開催　５／１６～,普通,デイ
2022/5/18,飯塚,令和４年度飯塚市営　飯塚ミッドナイト　５／１６～,普通,ミッドナイト
2022/5/19,川口,令和４年度川口市営　普通開催　５／１６～,普通,デイ
2022/5/19,飯塚,令和４年度飯塚市営　飯塚ミッドナイト　５／１６～,普通,ミッドナイト
2022/5/20,川口,令和４年度川口市営　普通開催　５／１６～,普通,デイ
2022/5/20,飯塚,令和４年度飯塚市営　飯塚ミッドナイト　５／１６～,普通,ミッドナイト
2022/5/21,伊勢崎,令和４年度伊勢崎市営 普通開催 ５／２１～,普通,ナイター
2022/5/22,伊勢崎,令和４年度伊勢崎市営 普通開催 ５／２１～,普通,ナイター
2022/5/22,山陽,令和４年度山陽小野田市営　普通開催　５／２２～,普通,デイ
2022/5/23,伊勢崎,令和４年度伊勢崎市営 普通開催 ５／２１～,普通,ナイター
2022/5/23,山陽,令和４年度山陽小野田市営　普通開催　５／２２～,普通,デイ
2022/5/24,伊勢崎,令和４年度伊勢崎市営 普通開催 ５／２１～,普通,ナイター
2022/5/24,山陽,令和４年度山陽小野田市営　普通開催　５／２２～,普通,デイ
2022/5/25,山陽,令和４年度山陽小野田市営　山陽ミッドナイト　５／２５～,普通,ミッドナイト
2022/5/25,川口,ＧⅡ川口記念,GII,ナイター
2022/5/26,山陽,令和４年度山陽小野田市営　山陽ミッドナイト　５／２５～,普通,ミッドナイト
2022/5/26,川口,ＧⅡ川口記念,GII,ナイター
2022/5/27,山陽,令和４年度山陽小野田市営　山陽ミッドナイト　５／２５～,普通,ミッドナイト
2022/5/27,川口,ＧⅡ川口記念,GII,ナイター
2022/5/27,浜松,令和４年度浜松市営　浜松アーリーレース　５／２７～,普通,モーニング
2022/5/28,川口,ＧⅡ川口記念,GII,ナイター
2022/5/28,浜松,令和４年度浜松市営　浜松アーリーレース　５／２７～,普通,モーニング
2022/5/29,川口,ＧⅡ川口記念,GII,ナイター
2022/5/29,浜松,令和４年度浜松市営　浜松アーリーレース　５／２７～,普通,モーニング
2022/5/30,浜松,令和４年度浜松市営　普通開催　５／３０～,普通,デイ
2022/5/30,飯塚,ＧⅡミッドナイトチャンピオンカップ,GII,ミッドナイト
2022/5/31,浜松,令和４年度浜松市営　普通開催　５／３０～,普通,デイ
2022/5/31,飯塚,ＧⅡミッドナイトチャンピオンカップ,GII,ミッドナイト
2022/6/1,浜松,令和４年度浜松市営　普通開催　５／３０～,普通,デイ
2022/6/1,飯塚,ＧⅡミッドナイトチャンピオンカップ,GII,ミッドナイト
2022/6/2,川口,令和４年度川口市営　普通開催　６／２～,普通,デイ
2022/6/2,飯塚,ＧⅡミッドナイトチャンピオンカップ,GII,ミッドナイト
2022/6/3,川口,令和４年度川口市営　普通開催　６／２～,普通,デイ
2022/6/3,飯塚,ＧⅡミッドナイトチャンピオンカップ,GII,ミッドナイト
2022/6/4,山陽,令和４年度山陽小野田市営　普通開催　６／４～,普通,ナイター
2022/6/4,川口,令和４年度川口市営　普通開催　６／２～,普通,デイ
2022/6/5,山陽,令和４年度山陽小野田市営　普通開催　６／４～,普通,ナイター
2022/6/5,川口,令和４年度川口市営　普通開催　６／２～,普通,デイ
2022/6/6,山陽,令和４年度山陽小野田市営　普通開催　６／４～,普通,ナイター
2022/6/6,川口,令和４年度川口市営　普通開催　６／２～,普通,デイ
2022/6/7,山陽,令和４年度山陽小野田市営　普通開催　６／４～,普通,ナイター
2022/6/8,伊勢崎,ＧⅡ稲妻賞,GII,ナイター
2022/6/8,飯塚,令和４年度飯塚市営　飯塚ミッドナイト　６／８～,普通,ミッドナイト
2022/6/9,伊勢崎,ＧⅡ稲妻賞,GII,ナイター
2022/6/9,飯塚,令和４年度飯塚市営　飯塚ミッドナイト　６／８～,普通,ミッドナイト
2022/6/10,伊勢崎,ＧⅡ稲妻賞,GII,ナイター
2022/6/10,浜松,令和４年度浜松市営　浜松アーリーレース　６／１０～,普通,モーニング
2022/6/10,飯塚,令和４年度飯塚市営　飯塚ミッドナイト　６／８～,普通,ミッドナイト
2022/6/11,伊勢崎,ＧⅡ稲妻賞,GII,ナイター
2022/6/11,浜松,令和４年度浜松市営　浜松アーリーレース　６／１０～,普通,モーニング
2022/6/11,飯塚,令和４年度飯塚市営　飯塚ミッドナイト　６／８～,普通,ミッドナイト
2022/6/12,伊勢崎,ＧⅡ稲妻賞,GII,ナイター
2022/6/12,浜松,令和４年度浜松市営　浜松アーリーレース　６／１０～,普通,モーニング
2022/6/13,山陽,令和４年度山陽小野田市営　山陽ミッドナイト　６／１３～,普通,ミッドナイト
2022/6/13,川口,令和４年度川口市営　普通開催　６／１３～,普通,デイ
2022/6/14,山陽,令和４年度山陽小野田市営　山陽ミッドナイト　６／１３～,普通,ミッドナイト
2022/6/14,川口,令和４年度川口市営　普通開催　６／１３～,普通,デイ
2022/6/15,山陽,令和４年度山陽小野田市営　山陽ミッドナイト　６／１３～,普通,ミッドナイト
2022/6/15,川口,令和４年度川口市営　普通開催　６／１３～,普通,デイ
2022/6/16,山陽,令和４年度山陽小野田市営　山陽ミッドナイト　６／１３～,普通,ミッドナイト
2022/6/16,川口,令和４年度川口市営　普通開催　６／１３～,普通,デイ
2022/6/17,飯塚,令和４年度飯塚市営　普通開催　６／１７～,普通,ナイター
2022/6/18,川口,令和４年度川口市営　普通開催　６／１８～,普通,デイ
2022/6/18,飯塚,令和４年度飯塚市営　普通開催　６／１７～,普通,ナイター
2022/6/19,川口,令和４年度川口市営　普通開催　６／１８～,普通,デイ
2022/6/19,飯塚,令和４年度飯塚市営　普通開催　６／１７～,普通,ナイター
2022/6/20,川口,令和４年度川口市営　普通開催　６／１８～,普通,デイ
2022/6/20,飯塚,令和４年度飯塚市営　普通開催　６／１７～,普通,ナイター
2022/6/21,飯塚,令和４年度飯塚市営　普通開催　６／１７～,普通,ナイター
2022/6/22,山陽,令和４年度山陽小野田市営　山陽ミッドナイト　６／２２～,普通,ミッドナイト
2022/6/22,川口,令和４年度川口市営　普通開催　６／２２～,普通,デイ
2022/6/23,山陽,令和４年度山陽小野田市営　山陽ミッドナイト　６／２２～,普通,ミッドナイト
2022/6/23,川口,令和４年度川口市営　普通開催　６／２２～,普通,デイ
2022/6/24,山陽,令和４年度山陽小野田市営　山陽ミッドナイト　６／２２～,普通,ミッドナイト
2022/6/24,川口,令和４年度川口市営　普通開催　６／２２～,普通,デイ
2022/6/25,伊勢崎,令和４年度伊勢崎市営　普通開催　６／２５～,普通,ナイター
2022/6/25,川口,令和４年度川口市営　普通開催　６／２２～,普通,デイ
2022/6/25,飯塚,令和４年度飯塚市営　飯塚ミッドナイト　６／２５～,普通,ミッドナイト
2022/6/26,伊勢崎,令和４年度伊勢崎市営　普通開催　６／２５～,普通,ナイター
2022/6/26,川口,令和４年度川口市営　普通開催　６／２２～,普通,デイ
2022/6/26,飯塚,令和４年度飯塚市営　飯塚ミッドナイト　６／２５～,普通,ミッドナイト
2022/6/27,伊勢崎,令和４年度伊勢崎市営　普通開催　６／２５～,普通,ナイター
2022/6/27,飯塚,令和４年度飯塚市営　飯塚ミッドナイト　６／２５～,普通,ミッドナイト
2022/6/28,伊勢崎,令和４年度伊勢崎市営　普通開催　６／２５～,普通,ナイター
2022/6/28,飯塚,令和４年度飯塚市営　飯塚ミッドナイト　６／２５～,普通,ミッドナイト
2022/6/29,川口,ＧⅠキューポラ杯,GI,ナイター
2022/6/30,川口,ＧⅠキューポラ杯,GI,ナイター
2022/7/1,川口,ＧⅠキューポラ杯,GI,ナイター
2022/7/1,浜松,令和４年度浜松市営　浜松アーリーレース　７／１～,普通,モーニング
2022/7/2,川口,ＧⅠキューポラ杯,GI,ナイター
2022/7/2,浜松,令和４年度浜松市営　浜松アーリーレース　７／１～,普通,モーニング
2022/7/3,川口,ＧⅠキューポラ杯,GI,ナイター
2022/7/3,浜松,令和４年度浜松市営　浜松アーリーレース　７／１～,普通,モーニング
2022/7/4,伊勢崎,令和４年度伊勢崎市営　伊勢崎アフター５　７／４～,普通,ナイター
2022/7/4,飯塚,令和４年度飯塚市営　普通開催　７／４～,普通,デイ
2022/7/5,伊勢崎,令和４年度伊勢崎市営　伊勢崎アフター５　７／４～,普通,ナイター
2022/7/5,飯塚,令和４年度飯塚市営　普通開催　７／４～,普通,デイ
2022/7/6,伊勢崎,令和４年度伊勢崎市営　伊勢崎アフター５　７／４～,普通,ナイター
2022/7/6,飯塚,令和４年度飯塚市営　普通開催　７／４～,普通,デイ
2022/7/7,伊勢崎,令和４年度伊勢崎市営　伊勢崎アフター５　７／４～,普通,ナイター
2022/7/7,飯塚,令和４年度飯塚市営　普通開催　７／４～,普通,デイ
2022/7/8,浜松,令和４年度浜松市営　普通開催　７／８～,普通,デイ
2022/7/8,飯塚,令和４年度飯塚市営　飯塚ミッドナイト　７／８～,普通,ミッドナイト
2022/7/9,浜松,令和４年度浜松市営　普通開催　７／８～,普通,デイ
2022/7/9,飯塚,令和４年度飯塚市営　飯塚ミッドナイト　７／８～,普通,ミッドナイト
2022/7/10,浜松,令和４年度浜松市営　普通開催　７／８～,普通,デイ
2022/7/10,飯塚,令和４年度飯塚市営　飯塚ミッドナイト　７／８～,普通,ミッドナイト
2022/7/11,伊勢崎,令和４年度伊勢崎市営　普通開催　７／１１～,普通,ナイター
2022/7/12,伊勢崎,令和４年度伊勢崎市営　普通開催　７／１１～,普通,ナイター
2022/7/13,伊勢崎,令和４年度伊勢崎市営　普通開催　７／１１～,普通,ナイター
2022/7/14,山陽,ＧⅡ小林啓二杯,GII,デイ
2022/7/15,伊勢崎,令和４年度伊勢崎市営　伊勢崎アフター５　７／１５～,普通,ナイター
2022/7/15,山陽,ＧⅡ小林啓二杯,GII,デイ
2022/7/16,伊勢崎,令和４年度伊勢崎市営　伊勢崎アフター５　７／１５～,普通,ナイター
2022/7/16,山陽,ＧⅡ小林啓二杯,GII,デイ
2022/7/17,伊勢崎,令和４年度伊勢崎市営　伊勢崎アフター５　７／１５～,普通,ナイター
2022/7/17,山陽,ＧⅡ小林啓二杯,GII,デイ
2022/7/18,伊勢崎,令和４年度伊勢崎市営　伊勢崎アフター５　７／１５～,普通,ナイター
2022/7/18,山陽,ＧⅡ小林啓二杯,GII,デイ
2022/7/19,飯塚,令和４年度飯塚市営　飯塚普通開催　７／１９～,普通,ナイター
2022/7/20,飯塚,令和４年度飯塚市営　飯塚普通開催　７／１９～,普通,ナイター
2022/7/21,飯塚,令和４年度飯塚市営　飯塚普通開催　７／１９～,普通,ナイター
2022/7/22,伊勢崎,令和４年度伊勢崎市営　普通開催　７／２２～,普通,ナイター
2022/7/22,山陽,令和４年度山陽小野田市　普通開催　７／２２～,普通,デイ
2022/7/23,伊勢崎,令和４年度伊勢崎市営　普通開催　７／２２～,普通,ナイター
2022/7/23,山陽,令和４年度山陽小野田市　普通開催　７／２２～,普通,デイ
2022/7/24,伊勢崎,令和４年度伊勢崎市営　普通開催　７／２２～,普通,ナイター
2022/7/24,山陽,令和４年度山陽小野田市　普通開催　７／２２～,普通,デイ
2022/7/25,伊勢崎,令和４年度伊勢崎市営　普通開催　７／２２～,普通,ナイター
2022/7/25,山陽,令和４年度山陽小野田市　普通開催　７／２２～,普通,デイ
2022/7/26,山陽,令和４年度山陽小野田市営　山陽ミッドナイト　７／２６～,普通,ミッドナイト
2022/7/27,山陽,令和４年度山陽小野田市営　山陽ミッドナイト　７／２６～,普通,ミッドナイト
2022/7/27,浜松,ＧⅡウィナーズカップ,GII,デイ
2022/7/28,山陽,令和４年度山陽小野田市営　山陽ミッドナイト　７／２６～,普通,ミッドナイト
2022/7/28,浜松,ＧⅡウィナーズカップ,GII,デイ
2022/7/29,浜松,ＧⅡウィナーズカップ,GII,デイ
2022/7/29,飯塚,令和４年度飯塚市営　飯塚ミッドナイト　７／２９～,普通,ミッドナイト
2022/7/30,浜松,ＧⅡウィナーズカップ,GII,デイ
2022/7/30,飯塚,令和４年度飯塚市営　飯塚ミッドナイト　７／２９～,普通,ミッドナイト
2022/7/31,浜松,ＧⅡウィナーズカップ,GII,デイ
2022/7/31,飯塚,令和４年度飯塚市営　飯塚ミッドナイト　７／２９～,普通,ミッドナイト
2022/8/1,飯塚,令和４年度飯塚市営　飯塚ミッドナイト　７／２９～,普通,ミッドナイト
2022/8/2,伊勢崎,令和４年度伊勢崎市営　普通開催　８／２～,普通,ナイター
2022/8/2,山陽,令和４年度山陽小野田市営　山陽ミッドナイト　８／２～,普通,ミッドナイト
2022/8/3,伊勢崎,令和４年度伊勢崎市営　普通開催　８／２～,普通,ナイター
2022/8/3,山陽,令和４年度山陽小野田市営　山陽ミッドナイト　８／２～,普通,ミッドナイト
2022/8/4,伊勢崎,令和４年度伊勢崎市営　普通開催　８／２～,普通,ナイター
2022/8/4,山陽,令和４年度山陽小野田市営　山陽ミッドナイト　８／２～,普通,ミッドナイト
2022/8/5,伊勢崎,令和４年度伊勢崎市営　普通開催　８／２～,普通,ナイター
2022/8/5,山陽,令和４年度山陽小野田市営　山陽ミッドナイト　８／２～,普通,ミッドナイト
2022/8/5,浜松,令和４年度浜松市営　普通開催　８／５～,普通,デイ
2022/8/6,浜松,令和４年度浜松市営　普通開催　８／５～,普通,デイ
2022/8/6,飯塚,令和４年度飯塚市営　普通開催　８／６～,普通,ナイター
2022/8/7,浜松,令和４年度浜松市営　普通開催　８／５～,普通,デイ
2022/8/7,飯塚,令和４年度飯塚市営　普通開催　８／６～,普通,ナイター
2022/8/8,飯塚,令和４年度飯塚市営　普通開催　８／６～,普通,ナイター
2022/8/9,飯塚,令和４年度飯塚市営　普通開催　８／６～,普通,ナイター
2022/8/10,伊勢崎,ＳＧオートレースグランプリ,普通,ナイター
2022/8/10,飯塚,令和４年度飯塚市営　飯塚ミッドナイト　８／１０～,普通,ミッドナイト
2022/8/11,伊勢崎,ＳＧオートレースグランプリ,普通,ナイター
2022/8/11,飯塚,令和４年度飯塚市営　飯塚ミッドナイト　８／１０～,普通,ミッドナイト
2022/8/12,伊勢崎,ＳＧオートレースグランプリ,普通,ナイター
2022/8/12,飯塚,令和４年度飯塚市営　飯塚ミッドナイト　８／１０～,普通,ミッドナイト
2022/8/13,伊勢崎,ＳＧオートレースグランプリ,普通,ナイター
2022/8/14,伊勢崎,ＳＧオートレースグランプリ,普通,ナイター
2022/8/15,伊勢崎,ＳＧオートレースグランプリ,普通,ナイター
2022/8/16,山陽,令和４年度山陽小野田市営　普通開催　８／１６～,普通,ナイター
2022/8/17,山陽,令和４年度山陽小野田市営　普通開催　８／１６～,普通,ナイター
2022/8/18,山陽,令和４年度山陽小野田市営　普通開催　８／１６～,普通,ナイター
2022/8/19,浜松,令和４年度浜松市営　普通開催　８／１９～,普通,デイ
2022/8/19,飯塚,令和４年度飯塚市営　飯塚ミッドナイト　８／１９～,普通,ミッドナイト
2022/8/20,浜松,令和４年度浜松市営　普通開催　８／１９～,普通,デイ
2022/8/20,飯塚,令和４年度飯塚市営　飯塚ミッドナイト　８／１９～,普通,ミッドナイト
2022/8/21,浜松,令和４年度浜松市営　普通開催　８／１９～,普通,デイ
2022/8/21,飯塚,令和４年度飯塚市営　飯塚ミッドナイト　８／１９～,普通,ミッドナイト
2022/8/22,浜松,令和４年度浜松市営　普通開催　８／１９～,普通,デイ
2022/8/22,飯塚,令和４年度飯塚市営　飯塚ミッドナイト　８／１９～,普通,ミッドナイト
2022/8/23,伊勢崎,令和４年度伊勢崎市営　普通開催　８／２３～,普通,ナイター
2022/8/24,伊勢崎,令和４年度伊勢崎市営　普通開催　８／２３～,普通,ナイター
2022/8/25,伊勢崎,令和４年度伊勢崎市営　普通開催　８／２３～,普通,ナイター
2022/8/26,浜松,令和４年度浜松市営　浜松アーリーレース　８／２６～,普通,モーニング
2022/8/26,飯塚,ＧⅠダイヤモンドレース,GI,ナイター
2022/8/27,浜松,令和４年度浜松市営　浜松アーリーレース　８／２６～,普通,モーニング
2022/8/27,飯塚,ＧⅠダイヤモンドレース,GI,ナイター
2022/8/28,浜松,令和４年度浜松市営　浜松アーリーレース　８／２６～,普通,モーニング
2022/8/28,飯塚,ＧⅠダイヤモンドレース,GI,ナイター
2022/8/29,飯塚,ＧⅠダイヤモンドレース,GI,ナイター
2022/8/30,飯塚,ＧⅠダイヤモンドレース,GI,ナイター
2022/8/31,伊勢崎,令和４年度伊勢崎市営　普通開催　８／３１～,普通,ナイター
2022/9/1,伊勢崎,令和４年度伊勢崎市営　普通開催　８／３１～,普通,ナイター
2022/9/2,伊勢崎,令和４年度伊勢崎市営　普通開催　８／３１～,普通,ナイター
2022/9/2,浜松,令和４年度浜松市営　普通開催　９／２～,普通,デイ
2022/9/3,伊勢崎,令和４年度伊勢崎市営　普通開催　８／３１～,普通,ナイター
2022/9/3,浜松,令和４年度浜松市営　普通開催　９／２～,普通,デイ
2022/9/4,浜松,令和４年度浜松市営　普通開催　９／２～,普通,デイ
2022/9/4,飯塚,令和４年度飯塚市営　普通開催　９／４～,普通,ナイター
2022/9/5,飯塚,令和４年度飯塚市営　普通開催　９／４～,普通,ナイター
2022/9/6,飯塚,令和４年度飯塚市営　普通開催　９／４～,普通,ナイター
2022/9/7,伊勢崎,ＧⅠムーンライトチャンピオンカップ,GI,ナイター
2022/9/7,山陽,令和４年度山陽小野田市営　山陽ミッドナイト　９／７～,普通,ミッドナイト
2022/9/8,伊勢崎,ＧⅠムーンライトチャンピオンカップ,GI,ナイター
2022/9/8,山陽,令和４年度山陽小野田市営　山陽ミッドナイト　９／７～,普通,ミッドナイト
2022/9/9,伊勢崎,ＧⅠムーンライトチャンピオンカップ,GI,ナイター
2022/9/9,山陽,令和４年度山陽小野田市営　山陽ミッドナイト　９／７～,普通,ミッドナイト
2022/9/9,浜松,令和４年度浜松市営　浜松アーリーレース　９／９～,普通,モーニング
2022/9/10,伊勢崎,ＧⅠムーンライトチャンピオンカップ,GI,ナイター
2022/9/10,山陽,令和４年度山陽小野田市営　山陽ミッドナイト　９／７～,普通,ミッドナイト
2022/9/10,浜松,令和４年度浜松市営　浜松アーリーレース　９／９～,普通,モーニング
2022/9/11,伊勢崎,ＧⅠムーンライトチャンピオンカップ,GI,ナイター
2022/9/11,浜松,令和４年度浜松市営　浜松アーリーレース　９／９～,普通,モーニング
2022/9/12,飯塚,令和４年度飯塚市営　普通開催　９／１２～,普通,ナイター
2022/9/13,飯塚,令和４年度飯塚市営　普通開催　９／１２～,普通,ナイター
2022/9/14,飯塚,令和４年度飯塚市営　普通開催　９／１２～,普通,ナイター
2022/9/15,飯塚,令和４年度飯塚市営　普通開催　９／１２～,普通,ナイター
2022/9/16,伊勢崎,令和４年度伊勢崎市営　普通開催　９／１６～,普通,ナイター
2022/9/17,伊勢崎,令和４年度伊勢崎市営　普通開催　９／１６～,普通,ナイター
2022/9/17,山陽,令和４年度山陽小野田市営　普通開催　９／１７～,普通,デイ
2022/9/18,伊勢崎,令和４年度伊勢崎市営　普通開催　９／１６～,普通,ナイター
2022/9/18,山陽,令和４年度山陽小野田市営　普通開催　９／１７～,普通,デイ
2022/9/19,伊勢崎,令和４年度伊勢崎市営　普通開催　９／１６～,普通,ナイター
2022/9/19,山陽,令和４年度山陽小野田市営　普通開催　９／１７～,普通,デイ
2022/9/20,山陽,令和４年度山陽小野田市営　山陽ミッドナイト　９／２０～,普通,ミッドナイト
2022/9/21,山陽,令和４年度山陽小野田市営　山陽ミッドナイト　９／２０～,普通,ミッドナイト
2022/9/21,浜松,特別ＧⅠ共同通信社杯プレミアムカップ,GI,デイ
2022/9/22,山陽,令和４年度山陽小野田市営　山陽ミッドナイト　９／２０～,普通,ミッドナイト
2022/9/22,浜松,特別ＧⅠ共同通信社杯プレミアムカップ,GI,デイ
2022/9/23,浜松,特別ＧⅠ共同通信社杯プレミアムカップ,GI,デイ
2022/9/23,飯塚,令和４年度飯塚市営　飯塚ミッドナイト　９／２３～,普通,ミッドナイト
2022/9/24,浜松,特別ＧⅠ共同通信社杯プレミアムカップ,GI,デイ
2022/9/24,飯塚,令和４年度飯塚市営　飯塚ミッドナイト　９／２３～,普通,ミッドナイト
2022/9/25,浜松,特別ＧⅠ共同通信社杯プレミアムカップ,GI,デイ
2022/9/25,飯塚,令和４年度飯塚市営　飯塚ミッドナイト　９／２３～,普通,ミッドナイト
2022/9/26,飯塚,令和４年度飯塚市営　飯塚ミッドナイト　９／２３～,普通,ミッドナイト
2022/9/27,伊勢崎,令和４年度伊勢崎市営　普通開催　９／２７～,普通,ナイター
2022/9/27,山陽,令和４年度山陽小野田市営　山陽ミッドナイト　９／２７～,普通,ミッドナイト
2022/9/28,伊勢崎,令和４年度伊勢崎市営　普通開催　９／２７～,普通,ナイター
2022/9/28,山陽,令和４年度山陽小野田市営　山陽ミッドナイト　９／２７～,普通,ミッドナイト
2022/9/29,伊勢崎,令和４年度伊勢崎市営　普通開催　９／２７～,普通,ナイター
2022/9/29,山陽,令和４年度山陽小野田市営　山陽ミッドナイト　９／２７～,普通,ミッドナイト
2022/9/30,伊勢崎,令和４年度伊勢崎市営　普通開催　９／２７～,普通,ナイター
2022/9/30,山陽,令和４年度山陽小野田市営　山陽ミッドナイト　９／２７～,普通,ミッドナイト
2022/9/30,浜松,令和４年度浜松市営　普通開催　９／３０～,普通,デイ
2022/10/1,浜松,令和４年度浜松市営　普通開催　９／３０～,普通,デイ
2022/10/1,飯塚,令和４年度飯塚市営　普通開催　１０／１～,普通,ナイター
2022/10/2,浜松,令和４年度浜松市営　普通開催　９／３０～,普通,デイ
2022/10/2,飯塚,令和４年度飯塚市営　普通開催　１０／１～,普通,ナイター
2022/10/3,飯塚,令和４年度飯塚市営　普通開催　１０／１～,普通,ナイター
2022/10/4,飯塚,令和４年度飯塚市営　普通開催　１０／１～,普通,ナイター
2022/10/5,飯塚,令和４年度飯塚市営　普通開催　１０／１～,普通,ナイター
2022/10/6,伊勢崎,令和４年度伊勢崎市営　伊勢崎アフター５　１０／６～,普通,ナイター
2022/10/6,山陽,ＧⅡ若獅子杯争奪戦,GII,デイ
2022/10/7,伊勢崎,令和４年度伊勢崎市営　伊勢崎アフター５　１０／６～,普通,ナイター
2022/10/7,山陽,ＧⅡ若獅子杯争奪戦,GII,デイ
2022/10/8,伊勢崎,令和４年度伊勢崎市営　伊勢崎アフター５　１０／６～,普通,ナイター
2022/10/8,山陽,ＧⅡ若獅子杯争奪戦,GII,デイ
2022/10/9,伊勢崎,令和４年度伊勢崎市営　伊勢崎アフター５　１０／６～,普通,ナイター
2022/10/9,山陽,ＧⅡ若獅子杯争奪戦,GII,デイ
2022/10/10,伊勢崎,令和４年度伊勢崎市営　伊勢崎アフター５　１０／６～,普通,ナイター
2022/10/10,山陽,ＧⅡ若獅子杯争奪戦,GII,デイ
2022/10/11,浜松,令和４年度浜松市営　普通開催　１０／１１～,普通,デイ
2022/10/11,飯塚,令和４年度飯塚市営　飯塚ミッドナイト　１０／１１～,普通,ミッドナイト
2022/10/12,浜松,令和４年度浜松市営　普通開催　１０／１１～,普通,デイ
2022/10/12,飯塚,令和４年度飯塚市営　飯塚ミッドナイト　１０／１１～,普通,ミッドナイト
2022/10/13,浜松,令和４年度浜松市営　普通開催　１０／１１～,普通,デイ
2022/10/13,飯塚,令和４年度飯塚市営　飯塚ミッドナイト　１０／１１～,普通,ミッドナイト
2022/10/14,伊勢崎,令和４年度伊勢崎市営　普通開催　１０／１４～,普通,ナイター
2022/10/15,伊勢崎,令和４年度伊勢崎市営　普通開催　１０／１４～,普通,ナイター
2022/10/15,山陽,令和４年度山陽小野田市営　普通開催　１０／１５～,普通,デイ
2022/10/16,伊勢崎,令和４年度伊勢崎市営　普通開催　１０／１４～,普通,ナイター
2022/10/16,山陽,令和４年度山陽小野田市営　普通開催　１０／１５～,普通,デイ
2022/10/17,伊勢崎,令和４年度伊勢崎市営　普通開催　１０／１４～,普通,ナイター
2022/10/17,山陽,令和４年度山陽小野田市営　普通開催　１０／１５～,普通,デイ
2022/10/18,伊勢崎,令和４年度伊勢崎市営　普通開催　１０／１４～,普通,ナイター
2022/10/18,山陽,令和４年度山陽小野田市営　普通開催　１０／１５～,普通,デイ
2022/10/19,浜松,ＧⅠスピード王決定戦,GI,デイ
2022/10/19,飯塚,令和４年度飯塚市営　飯塚ミッドナイト　１０／１９～,普通,ミッドナイト
2022/10/20,浜松,ＧⅠスピード王決定戦,GI,デイ
2022/10/20,飯塚,令和４年度飯塚市営　飯塚ミッドナイト　１０／１９～,普通,ミッドナイト
2022/10/21,浜松,ＧⅠスピード王決定戦,GI,デイ
2022/10/21,飯塚,令和４年度飯塚市営　飯塚ミッドナイト　１０／１９～,普通,ミッドナイト
2022/10/22,伊勢崎,令和４年度伊勢崎市営　伊勢崎アフター５　１０／２２～,普通,ナイター
2022/10/22,浜松,ＧⅠスピード王決定戦,GI,デイ
2022/10/23,伊勢崎,令和４年度伊勢崎市営　伊勢崎アフター５　１０／２２～,普通,ナイター
2022/10/23,浜松,ＧⅠスピード王決定戦,GI,デイ
2022/10/24,伊勢崎,令和４年度伊勢崎市営　伊勢崎アフター５　１０／２２～,普通,ナイター
2022/10/24,飯塚,令和４年度飯塚市営　普通開催　１０／２４～,普通,デイ
2022/10/25,伊勢崎,令和４年度伊勢崎市営　伊勢崎アフター５　１０／２２～,普通,ナイター
2022/10/25,飯塚,令和４年度飯塚市営　普通開催　１０／２４～,普通,デイ
2022/10/26,伊勢崎,令和４年度伊勢崎市営　伊勢崎アフター５　１０／２２～,普通,ナイター
2022/10/26,飯塚,令和４年度飯塚市営　普通開催　１０／２４～,普通,デイ
2022/10/27,山陽,令和４年度山陽小野田市営　山陽ミッドナイト　１０／２７～,普通,ミッドナイト
2022/10/27,浜松,令和４年度浜松市営　普通開催　１０／２７～,普通,デイ
2022/10/28,山陽,令和４年度山陽小野田市営　山陽ミッドナイト　１０／２７～,普通,ミッドナイト
2022/10/28,浜松,令和４年度浜松市営　普通開催　１０／２７～,普通,デイ
2022/10/29,山陽,令和４年度山陽小野田市営　山陽ミッドナイト　１０／２７～,普通,ミッドナイト
2022/10/29,浜松,令和４年度浜松市営　普通開催　１０／２７～,普通,デイ
2022/10/30,飯塚,ＳＧ日本選手権オートレース,普通,ナイター
2022/10/31,飯塚,ＳＧ日本選手権オートレース,普通,ナイター
2022/11/1,飯塚,ＳＧ日本選手権オートレース,普通,ナイター
2022/11/2,飯塚,ＳＧ日本選手権オートレース,普通,ナイター
2022/11/3,飯塚,ＳＧ日本選手権オートレース,普通,ナイター
2022/11/4,伊勢崎,令和４年度伊勢崎市営　普通開催　１１／４～,普通,ナイター
2022/11/4,山陽,令和４年度山陽小野田市営　普通開催　１１／４～,普通,デイ
2022/11/5,伊勢崎,令和４年度伊勢崎市営　普通開催　１１／４～,普通,ナイター
2022/11/5,山陽,令和４年度山陽小野田市営　普通開催　１１／４～,普通,デイ
2022/11/6,伊勢崎,令和４年度伊勢崎市営　普通開催　１１／４～,普通,ナイター
2022/11/6,山陽,令和４年度山陽小野田市営　普通開催　１１／４～,普通,デイ
2022/11/7,山陽,令和４年度山陽小野田市営　山陽ミッドナイト　１１／７～,普通,ミッドナイト
2022/11/7,浜松,令和４年度浜松市営　普通開催　１１／７～,普通,デイ
2022/11/8,山陽,令和４年度山陽小野田市営　山陽ミッドナイト　１１／７～,普通,ミッドナイト
2022/11/8,浜松,令和４年度浜松市営　普通開催　１１／７～,普通,デイ
2022/11/9,山陽,令和４年度山陽小野田市営　山陽ミッドナイト　１１／７～,普通,ミッドナイト
2022/11/9,浜松,令和４年度浜松市営　普通開催　１１／７～,普通,デイ
2022/11/10,山陽,令和４年度山陽小野田市営　山陽ミッドナイト　１１／７～,普通,ミッドナイト
2022/11/10,浜松,令和４年度浜松市営　普通開催　１１／７～,普通,デイ
2022/11/11,伊勢崎,令和４年度伊勢崎市営　普通開催　１１／１１～,普通,ナイター
2022/11/12,伊勢崎,令和４年度伊勢崎市営　普通開催　１１／１１～,普通,ナイター
2022/11/12,飯塚,令和４年度飯塚市営　普通開催　１１／１２～,普通,デイ
2022/11/13,伊勢崎,令和４年度伊勢崎市営　普通開催　１１／１１～,普通,ナイター
2022/11/13,飯塚,令和４年度飯塚市営　普通開催　１１／１２～,普通,デイ
2022/11/14,伊勢崎,令和４年度伊勢崎市営　伊勢崎アフター５　１１／１４～,普通,ナイター
2022/11/14,飯塚,令和４年度飯塚市営　普通開催　１１／１２～,普通,デイ
2022/11/15,伊勢崎,令和４年度伊勢崎市営　伊勢崎アフター５　１１／１４～,普通,ナイター
2022/11/15,山陽,令和４年度山陽小野田市営　普通開催　１１／１５～,普通,デイ
2022/11/16,伊勢崎,令和４年度伊勢崎市営　伊勢崎アフター５　１１／１４～,普通,ナイター
2022/11/16,山陽,令和４年度山陽小野田市営　普通開催　１１／１５～,普通,デイ
2022/11/17,伊勢崎,令和４年度伊勢崎市営　伊勢崎アフター５　１１／１４～,普通,ナイター
2022/11/17,山陽,令和４年度山陽小野田市営　普通開催　１１／１５～,普通,デイ
2022/11/18,山陽,令和４年度山陽小野田市営　普通開催　１１／１５～,普通,デイ
2022/11/19,飯塚,ＧⅠ開設記念レース,GI,デイ
2022/11/20,伊勢崎,令和４年度伊勢崎市営　伊勢崎アフター５　１１／２０～,普通,ナイター
2022/11/20,飯塚,ＧⅠ開設記念レース,GI,デイ
2022/11/21,伊勢崎,令和４年度伊勢崎市営　伊勢崎アフター５　１１／２０～,普通,ナイター
2022/11/21,飯塚,ＧⅠ開設記念レース,GI,デイ
2022/11/22,伊勢崎,令和４年度伊勢崎市営　伊勢崎アフター５　１１／２０～,普通,ナイター
2022/11/22,飯塚,ＧⅠ開設記念レース,GI,デイ
2022/11/23,伊勢崎,令和４年度伊勢崎市営　伊勢崎アフター５　１１／２０～,普通,ナイター
2022/11/23,飯塚,ＧⅠ開設記念レース,GI,デイ
2022/11/24,伊勢崎,令和４年度伊勢崎市営　伊勢崎アフター５　１１／２０～,普通,ナイター
2022/11/25,飯塚,令和４年度飯塚市営　飯塚ミッドナイト　１１／２５～,普通,ミッドナイト
2022/11/26,浜松,ＧⅡオートレースメモリアル,GII,デイ
2022/11/26,飯塚,令和４年度飯塚市営　飯塚ミッドナイト　１１／２５～,普通,ミッドナイト
2022/11/27,浜松,ＧⅡオートレースメモリアル,GII,デイ
2022/11/27,飯塚,令和４年度飯塚市営　飯塚ミッドナイト　１１／２５～,普通,ミッドナイト
2022/11/28,浜松,ＧⅡオートレースメモリアル,GII,デイ
2022/11/28,飯塚,令和４年度飯塚市営　飯塚ミッドナイト　１１／２５～,普通,ミッドナイト
2022/11/29,山陽,令和４年度山陽小野田市営　山陽ミッドナイト　１１／２９～,普通,ミッドナイト
2022/11/29,浜松,ＧⅡオートレースメモリアル,GII,デイ
2022/11/30,山陽,令和４年度山陽小野田市営　山陽ミッドナイト　１１／２９～,普通,ミッドナイト
2022/11/30,浜松,ＧⅡオートレースメモリアル,GII,デイ
2022/12/1,山陽,令和４年度山陽小野田市営　山陽ミッドナイト　１１／２９～,普通,ミッドナイト
2022/12/1,川口,令和４年度川口市営　普通開催　１２／１～,普通,デイ
2022/12/2,川口,令和４年度川口市営　普通開催　１２／１～,普通,デイ
2022/12/2,飯塚,令和４年度飯塚市営　普通開催　１２／２～,普通,ナイター
2022/12/3,川口,令和４年度川口市営　普通開催　１２／１～,普通,デイ
2022/12/3,飯塚,令和４年度飯塚市営　普通開催　１２／２～,普通,ナイター
2022/12/4,川口,令和４年度川口市営　普通開催　１２／１～,普通,デイ
2022/12/4,飯塚,令和４年度飯塚市営　普通開催　１２／２～,普通,ナイター
2022/12/5,伊勢崎,令和４年度伊勢崎市営　普通開催　１２／５～,普通,デイ
2022/12/5,飯塚,令和４年度飯塚市営　飯塚ミッドナイト　１２／５～,普通,ミッドナイト
2022/12/6,伊勢崎,令和４年度伊勢崎市営　普通開催　１２／５～,普通,デイ
2022/12/6,飯塚,令和４年度飯塚市営　飯塚ミッドナイト　１２／５～,普通,ミッドナイト
2022/12/7,伊勢崎,令和４年度伊勢崎市営　普通開催　１２／５～,普通,デイ
2022/12/7,飯塚,令和４年度飯塚市営　飯塚ミッドナイト　１２／５～,普通,ミッドナイト
2022/12/8,伊勢崎,令和４年度伊勢崎市営　普通開催　１２／５～,普通,デイ
2022/12/8,山陽,令和４年度山陽小野田市営　山陽ミッドナイト　１２／８～,普通,ミッドナイト
2022/12/9,山陽,令和４年度山陽小野田市営　山陽ミッドナイト　１２／８～,普通,ミッドナイト
2022/12/9,川口,令和４年度川口市営　普通開催　１２／９～,普通,デイ
2022/12/10,山陽,令和４年度山陽小野田市営　山陽ミッドナイト　１２／８～,普通,ミッドナイト
2022/12/10,川口,令和４年度川口市営　普通開催　１２／９～,普通,デイ
2022/12/11,川口,令和４年度川口市営　普通開催　１２／９～,普通,デイ
2022/12/11,飯塚,令和４年度飯塚市営　普通開催　１２／１１～,普通,ナイター
2022/12/12,川口,令和４年度川口市営　普通開催　１２／９～,普通,デイ
2022/12/12,飯塚,令和４年度飯塚市営　普通開催　１２／１１～,普通,ナイター
2022/12/13,飯塚,令和４年度飯塚市営　普通開催　１２／１１～,普通,ナイター
2022/12/14,山陽,ＧⅠスピード王決定戦,GI,デイ
2022/12/14,川口,令和４年度川口市営　川口ナイトレース　１２／１４～,普通,ナイター
2022/12/15,山陽,ＧⅠスピード王決定戦,GI,デイ
2022/12/15,川口,令和４年度川口市営　川口ナイトレース　１２／１４～,普通,ナイター
2022/12/16,山陽,ＧⅠスピード王決定戦,GI,デイ
2022/12/16,川口,令和４年度川口市営　川口ナイトレース　１２／１４～,普通,ナイター
2022/12/17,山陽,ＧⅠスピード王決定戦,GI,デイ
2022/12/17,川口,令和４年度川口市営　川口ナイトレース　１２／１４～,普通,ナイター
2022/12/18,山陽,ＧⅠスピード王決定戦,GI,デイ
2022/12/19,川口,令和４年度川口市営　普通開催　１２／１９～,普通,デイ
2022/12/19,飯塚,令和４年度飯塚市営　飯塚ミッドナイト　１２／１９～,普通,ミッドナイト
2022/12/20,川口,令和４年度川口市営　普通開催　１２／１９～,普通,デイ
2022/12/20,飯塚,令和４年度飯塚市営　飯塚ミッドナイト　１２／１９～,普通,ミッドナイト
2022/12/21,川口,令和４年度川口市営　普通開催　１２／１９～,普通,デイ
2022/12/21,飯塚,令和４年度飯塚市営　飯塚ミッドナイト　１２／１９～,普通,ミッドナイト
2022/12/22,川口,令和４年度川口市営　普通開催　１２／１９～,普通,デイ
2022/12/22,飯塚,令和４年度飯塚市営　飯塚ミッドナイト　１２／１９～,普通,ミッドナイト
2022/12/23,浜松,令和４年度浜松市営　普通開催　１２／２３～,普通,デイ
2022/12/23,飯塚,令和４年度飯塚市営　飯塚ミッドナイト　１２／１９～,普通,ミッドナイト
2022/12/24,山陽,令和４年度山陽小野田市営　山陽ミッドナイト　１２／２４～,普通,ミッドナイト
2022/12/24,浜松,令和４年度浜松市営　普通開催　１２／２３～,普通,デイ
2022/12/25,山陽,令和４年度山陽小野田市営　山陽ミッドナイト　１２／２４～,普通,ミッドナイト
2022/12/25,浜松,令和４年度浜松市営　普通開催　１２／２３～,普通,デイ
2022/12/26,山陽,令和４年度山陽小野田市営　山陽ミッドナイト　１２／２４～,普通,ミッドナイト
2022/12/27,川口,スーパースターフェスタ,普通,デイ
2022/12/27,飯塚,令和４年度飯塚市営　飯塚ミッドナイト　１２／２７～,普通,ミッドナイト
2022/12/28,川口,スーパースターフェスタ,普通,デイ
2022/12/28,飯塚,令和４年度飯塚市営　飯塚ミッドナイト　１２／２７～,普通,ミッドナイト
2022/12/29,川口,スーパースターフェスタ,普通,デイ
2022/12/29,飯塚,令和４年度飯塚市営　飯塚ミッドナイト　１２／２７～,普通,ミッドナイト
2022/12/30,川口,スーパースターフェスタ,普通,デイ
2022/12/30,飯塚,令和４年度飯塚市営　飯塚ミッドナイト　１２／２７～,普通,ミッドナイト
2022/12/31,川口,スーパースターフェスタ,普通,デイ
2022/12/31,飯塚,令和４年度飯塚市営　飯塚ミッドナイト　１２／２７～,普通,ミッドナイト
2023/1/1,山陽,令和４年度山陽小野田市営　山陽ミッドナイト　１／１～,普通,ミッドナイト
2023/1/1,浜松,令和４年度浜松市営　普通開催　１／１～,普通,デイ
2023/1/2,山陽,令和４年度山陽小野田市営　山陽ミッドナイト　１／１～,普通,ミッドナイト
2023/1/2,川口,令和４年度川口市営　普通開催　１／２～,普通,デイ
2023/1/2,浜松,令和４年度浜松市営　普通開催　１／１～,普通,デイ
2023/1/3,山陽,令和４年度山陽小野田市営　山陽ミッドナイト　１／１～,普通,ミッドナイト
2023/1/3,川口,令和４年度川口市営　普通開催　１／２～,普通,デイ
2023/1/3,浜松,令和４年度浜松市営　普通開催　１／１～,普通,デイ
2023/1/4,山陽,令和４年度山陽小野田市営　山陽ミッドナイト　１／１～,普通,ミッドナイト
2023/1/4,川口,令和４年度川口市営　普通開催　１／２～,普通,デイ
2023/1/4,浜松,令和４年度浜松市営　普通開催　１／１～,普通,デイ
2023/1/5,伊勢崎,ＧⅠ開場記念シルクカップ,GI,デイ
2023/1/5,川口,令和４年度川口市営　川口ナイトレース　１／５～,普通,ナイター
2023/1/6,伊勢崎,ＧⅠ開場記念シルクカップ,GI,デイ
2023/1/6,川口,令和４年度川口市営　川口ナイトレース　１／５～,普通,ナイター
2023/1/7,伊勢崎,ＧⅠ開場記念シルクカップ,GI,デイ
2023/1/7,川口,令和４年度川口市営　川口ナイトレース　１／５～,普通,ナイター
2023/1/8,伊勢崎,ＧⅠ開場記念シルクカップ,GI,デイ
2023/1/8,飯塚,令和４年度飯塚市営　飯塚ミッドナイト　１／８～,普通,ミッドナイト
2023/1/9,伊勢崎,ＧⅠ開場記念シルクカップ,GI,デイ
2023/1/9,飯塚,令和４年度飯塚市営　飯塚ミッドナイト　１／８～,普通,ミッドナイト
2023/1/10,川口,令和４年度川口市営　普通開催　１／１０～,普通,デイ
2023/1/10,飯塚,令和４年度飯塚市営　飯塚ミッドナイト　１／８～,普通,ミッドナイト
2023/1/11,山陽,令和４年度山陽小野田市営　山陽ミッドナイト　１／１１～,普通,ミッドナイト
2023/1/11,川口,令和４年度川口市営　普通開催　１／１０～,普通,デイ
2023/1/12,山陽,令和４年度山陽小野田市営　山陽ミッドナイト　１／１１～,普通,ミッドナイト
2023/1/12,川口,令和４年度川口市営　普通開催　１／１０～,普通,デイ
2023/1/13,山陽,令和４年度山陽小野田市営　山陽ミッドナイト　１／１１～,普通,ミッドナイト
2023/1/13,川口,令和４年度川口市営　普通開催　１／１０～,普通,デイ
2023/1/14,伊勢崎,令和４年度伊勢崎市営　普通開催　１／１４～,普通,デイ
2023/1/14,川口,令和４年度川口市営　川口ナイトレース　１／１４～,普通,ナイター
2023/1/15,伊勢崎,令和４年度伊勢崎市営　普通開催　１／１４～,普通,デイ
2023/1/15,川口,令和４年度川口市営　川口ナイトレース　１／１４～,普通,ナイター
2023/1/16,伊勢崎,令和４年度伊勢崎市営　普通開催　１／１４～,普通,デイ
2023/1/16,川口,令和４年度川口市営　川口ナイトレース　１／１４～,普通,ナイター
2023/1/17,山陽,令和４年度山陽小野田市営　山陽ミッドナイト　１／１７～,普通,ミッドナイト
2023/1/17,浜松,令和４年度浜松市営　普通開催　１／１７～,普通,デイ
2023/1/18,山陽,令和４年度山陽小野田市営　山陽ミッドナイト　１／１７～,普通,ミッドナイト
2023/1/18,浜松,令和４年度浜松市営　普通開催　１／１７～,普通,デイ
2023/1/19,山陽,令和４年度山陽小野田市営　山陽ミッドナイト　１／１７～,普通,ミッドナイト
2023/1/19,浜松,令和４年度浜松市営　普通開催　１／１７～,普通,デイ
2023/1/20,山陽,令和４年度山陽小野田市営　山陽ミッドナイト　１／１７～,普通,ミッドナイト
2023/1/20,川口,令和４年度川口市営　普通開催　１／２０～,普通,デイ
2023/1/21,川口,令和４年度川口市営　普通開催　１／２０～,普通,デイ
2023/1/21,飯塚,令和４年度飯塚市営　普通開催　１／２１～,普通,ナイター
2023/1/22,川口,令和４年度川口市営　普通開催　１／２０～,普通,デイ
2023/1/22,飯塚,令和４年度飯塚市営　普通開催　１／２１～,普通,ナイター
2023/1/23,川口,令和４年度川口市営　普通開催　１／２０～,普通,デイ
2023/1/23,飯塚,令和４年度飯塚市営　普通開催　１／２１～,普通,ナイター
2023/1/24,川口,令和４年度川口市営　川口ナイトレース　１／２４～,普通,ナイター
2023/1/25,伊勢崎,ＧⅡレジェンドカップ,GII,デイ
2023/1/25,川口,令和４年度川口市営　川口ナイトレース　１／２４～,普通,ナイター
2023/1/26,伊勢崎,ＧⅡレジェンドカップ,GII,デイ
2023/1/26,川口,令和４年度川口市営　川口ナイトレース　１／２４～,普通,ナイター
2023/1/27,伊勢崎,ＧⅡレジェンドカップ,GII,デイ
2023/1/27,飯塚,令和４年度飯塚市営　飯塚ミッドナイト　１／２７～,普通,ミッドナイト
2023/1/28,伊勢崎,ＧⅡレジェンドカップ,GII,デイ
2023/1/28,飯塚,令和４年度飯塚市営　飯塚ミッドナイト　１／２７～,普通,ミッドナイト
2023/1/29,伊勢崎,ＧⅡレジェンドカップ,GII,デイ
2023/1/29,飯塚,令和４年度飯塚市営　飯塚ミッドナイト　１／２７～,普通,ミッドナイト
2023/1/30,山陽,ＧⅡミッドナイトチャンピオンカップ,GII,ミッドナイト
2023/1/30,川口,令和４年度川口市営　普通開催　１／３０～,普通,デイ
2023/1/31,山陽,ＧⅡミッドナイトチャンピオンカップ,GII,ミッドナイト
2023/1/31,川口,令和４年度川口市営　普通開催　１／３０～,普通,デイ
2023/2/1,山陽,ＧⅡミッドナイトチャンピオンカップ,GII,ミッドナイト
2023/2/1,川口,令和４年度川口市営　普通開催　１／３０～,普通,デイ
2023/2/2,山陽,ＧⅡミッドナイトチャンピオンカップ,GII,ミッドナイト
2023/2/2,川口,令和４年度川口市営　普通開催　１／３０～,普通,デイ
2023/2/3,山陽,ＧⅡミッドナイトチャンピオンカップ,GII,ミッドナイト
2023/2/3,川口,令和４年度川口市営　普通開催　１／３０～,普通,デイ
2023/2/4,浜松,令和４年度浜松市営　普通開催　２／４～,普通,デイ
2023/2/4,飯塚,令和４年度飯塚市営　飯塚ミッドナイト　２／４～,普通,ミッドナイト
2023/2/5,浜松,令和４年度浜松市営　普通開催　２／４～,普通,デイ
2023/2/5,飯塚,令和４年度飯塚市営　飯塚ミッドナイト　２／４～,普通,ミッドナイト
2023/2/6,浜松,令和４年度浜松市営　普通開催　２／４～,普通,デイ
2023/2/6,飯塚,令和４年度飯塚市営　飯塚ミッドナイト　２／４～,普通,ミッドナイト
2023/2/7,浜松,令和４年度浜松市営　普通開催　２／４～,普通,デイ
2023/2/7,飯塚,令和４年度飯塚市営　飯塚ミッドナイト　２／４～,普通,ミッドナイト
2023/2/8,川口,ＧⅠ開設記念グランプリレース,GI,デイ
2023/2/8,飯塚,令和４年度飯塚市営　飯塚ミッドナイト　２／４～,普通,ミッドナイト
2023/2/9,山陽,令和４年度浜松市営　山陽ミッドナイト　２／９～,普通,ミッドナイト
2023/2/9,川口,ＧⅠ開設記念グランプリレース,GI,デイ
2023/2/10,山陽,令和４年度浜松市営　山陽ミッドナイト　２／９～,普通,ミッドナイト
2023/2/10,川口,ＧⅠ開設記念グランプリレース,GI,デイ
2023/2/11,山陽,令和４年度浜松市営　山陽ミッドナイト　２／９～,普通,ミッドナイト
2023/2/11,川口,ＧⅠ開設記念グランプリレース,GI,デイ
2023/2/12,山陽,令和４年度浜松市営　山陽ミッドナイト　２／９～,普通,ミッドナイト
2023/2/12,川口,ＧⅠ開設記念グランプリレース,GI,デイ
2023/2/13,飯塚,令和４年度飯塚市営　普通開催　２／１３～,普通,ナイター
2023/2/14,飯塚,令和４年度飯塚市営　普通開催　２／１３～,普通,ナイター
2023/2/15,川口,令和４年度川口市営　普通開催　２／１５～,普通,デイ
2023/2/15,飯塚,令和４年度飯塚市営　普通開催　２／１３～,普通,ナイター
2023/2/16,川口,令和４年度川口市営　普通開催　２／１５～,普通,デイ
2023/2/16,飯塚,令和４年度飯塚市営　飯塚ミッドナイト　２／１６～,普通,ミッドナイト
2023/2/17,川口,令和４年度川口市営　普通開催　２／１５～,普通,デイ
2023/2/17,飯塚,令和４年度飯塚市営　飯塚ミッドナイト　２／１６～,普通,ミッドナイト
2023/2/18,川口,令和４年度川口市営　普通開催　２／１５～,普通,デイ
2023/2/18,飯塚,令和４年度飯塚市営　飯塚ミッドナイト　２／１６～,普通,ミッドナイト
2023/2/19,山陽,令和４年度山陽小野田市営　普通開催　２／１９～,普通,ナイター
2023/2/19,川口,令和４年度川口市営　普通開催　２／１５～,普通,デイ
2023/2/20,山陽,令和４年度山陽小野田市営　普通開催　２／１９～,普通,ナイター
2023/2/21,山陽,令和４年度山陽小野田市営　普通開催　２／１９～,普通,ナイター
2023/2/22,川口,令和４年度川口市営　川口ナイトレース　２／２２～,普通,ナイター
2023/2/22,浜松,ＳＧ全日本選抜オートレース,普通,デイ
2023/2/23,川口,令和４年度川口市営　川口ナイトレース　２／２２～,普通,ナイター
2023/2/23,浜松,ＳＧ全日本選抜オートレース,普通,デイ
2023/2/24,川口,令和４年度川口市営　川口ナイトレース　２／２２～,普通,ナイター
2023/2/24,浜松,ＳＧ全日本選抜オートレース,普通,デイ
2023/2/25,山陽,令和４年度山陽小野田市営　山陽ミッドナイト　２／２５～,普通,ミッドナイト
2023/2/25,浜松,ＳＧ全日本選抜オートレース,普通,デイ
2023/2/26,山陽,令和４年度山陽小野田市営　山陽ミッドナイト　２／２５～,普通,ミッドナイト
2023/2/26,浜松,ＳＧ全日本選抜オートレース,普通,デイ
2023/2/27,山陽,令和４年度山陽小野田市営　山陽ミッドナイト　２／２５～,普通,ミッドナイト
2023/2/27,川口,令和４年度川口市営　普通開催　２／２７～,普通,デイ
2023/2/28,川口,令和４年度川口市営　普通開催　２／２７～,普通,デイ
2023/2/28,飯塚,令和４年度飯塚市営　飯塚ミッドナイト　２／２８～,普通,ミッドナイト
2023/3/1,川口,令和４年度川口市営　普通開催　２／２７～,普通,デイ
2023/3/1,飯塚,令和４年度飯塚市営　飯塚ミッドナイト　２／２８～,普通,ミッドナイト
2023/3/2,川口,令和４年度川口市営　普通開催　２／２７～,普通,デイ
2023/3/2,飯塚,令和４年度飯塚市営　飯塚ミッドナイト　２／２８～,普通,ミッドナイト
2023/3/3,飯塚,令和４年度飯塚市営　飯塚ミッドナイト　２／２８～,普通,ミッドナイト
2023/3/4,川口,令和４年度川口市営　普通開催　３／４～,普通,デイ
2023/3/4,飯塚,令和４年度飯塚市営　飯塚ミッドナイト　２／２８～,普通,ミッドナイト
2023/3/5,山陽,令和４年度山陽小野田市営　普通開催　３／５～,普通,ナイター
2023/3/5,川口,令和４年度川口市営　普通開催　３／４～,普通,デイ
2023/3/6,山陽,令和４年度山陽小野田市営　普通開催　３／５～,普通,ナイター
2023/3/6,川口,令和４年度川口市営　普通開催　３／４～,普通,デイ
2023/3/7,山陽,令和４年度山陽小野田市営　普通開催　３／５～,普通,ナイター
2023/3/7,川口,令和４年度川口市営　普通開催　３／４～,普通,デイ
2023/3/8,飯塚,ＧⅡオーバルチャンピオンカップ,GII,ナイター
2023/3/9,飯塚,ＧⅡオーバルチャンピオンカップ,GII,ナイター
2023/3/10,飯塚,ＧⅡオーバルチャンピオンカップ,GII,ナイター
2023/3/11,飯塚,ＧⅡオーバルチャンピオンカップ,GII,ナイター
2023/3/12,飯塚,ＧⅡオーバルチャンピオンカップ,GII,ナイター
2023/3/13,川口,令和４年度川口市営　川口ナイトレース　３／１３～,普通,ナイター
2023/3/13,浜松,令和４年度浜松市営　普通開催　３／１３～,普通,デイ
2023/3/14,川口,令和４年度川口市営　川口ナイトレース　３／１３～,普通,ナイター
2023/3/14,浜松,令和４年度浜松市営　普通開催　３／１３～,普通,デイ
2023/3/15,川口,令和４年度川口市営　川口ナイトレース　３／１３～,普通,ナイター
2023/3/15,浜松,令和４年度浜松市営　普通開催　３／１３～,普通,デイ
2023/3/16,川口,令和４年度川口市営　川口ナイトレース　３／１３～,普通,ナイター
2023/3/16,浜松,令和４年度浜松市営　普通開催　３／１３～,普通,デイ
2023/3/17,山陽,特別ＧⅠ共同通信社杯プレミアムカップ,GI,デイ
2023/3/17,川口,令和４年度川口市営　川口ナイトレース　３／１３～,普通,ナイター
2023/3/18,山陽,特別ＧⅠ共同通信社杯プレミアムカップ,GI,デイ
2023/3/19,山陽,特別ＧⅠ共同通信社杯プレミアムカップ,GI,デイ
2023/3/20,山陽,特別ＧⅠ共同通信社杯プレミアムカップ,GI,デイ
2023/3/20,川口,令和４年度川口市営　川口ナイトレース　３／２０～,普通,ナイター
2023/3/21,山陽,特別ＧⅠ共同通信社杯プレミアムカップ,GI,デイ
2023/3/21,川口,令和４年度川口市営　川口ナイトレース　３／２０～,普通,ナイター
2023/3/22,川口,令和４年度川口市営　川口ナイトレース　３／２０～,普通,ナイター
2023/3/22,飯塚,令和４年度飯塚市営　普通開催　３／２２～,普通,デイ
2023/3/23,川口,令和４年度川口市営　川口ナイトレース　３／２０～,普通,ナイター
2023/3/23,飯塚,令和４年度飯塚市営　普通開催　３／２２～,普通,デイ
2023/3/24,飯塚,令和４年度飯塚市営　普通開催　３／２２～,普通,デイ
2023/3/25,山陽,令和４年度浜松市営　山陽ミッドナイト　３／２５～,普通,ミッドナイト
2023/3/25,川口,令和４年度川口市営　普通開催　３／２５～,普通,デイ
2023/3/26,山陽,令和４年度浜松市営　山陽ミッドナイト　３／２５～,普通,ミッドナイト
2023/3/26,川口,令和４年度川口市営　普通開催　３／２５～,普通,デイ
2023/3/27,山陽,令和４年度浜松市営　山陽ミッドナイト　３／２５～,普通,ミッドナイト
2023/3/27,川口,令和４年度川口市営　普通開催　３／２５～,普通,デイ
2023/3/28,山陽,令和４年度浜松市営　山陽ミッドナイト　３／２５～,普通,ミッドナイト
2023/3/28,川口,令和４年度川口市営　普通開催　３／２５～,普通,デイ
2023/3/29,川口,令和４年度川口市営　普通開催　３／２５～,普通,デイ
2023/3/29,飯塚,令和４年度飯塚市営　普通開催　３／２９～,普通,ナイター
2023/3/30,飯塚,令和４年度飯塚市営　普通開催　３／２９～,普通,ナイター
2023/3/31,飯塚,令和４年度飯塚市営　普通開催　３／２９～,普通,ナイター
2023/4/1,浜松,ＧⅡウィナーズカップ,GII,デイ
2023/4/1,飯塚,令和５年度飯塚市営　飯塚ミッドナイト　４／１～,普通,ミッドナイト
2023/4/2,浜松,ＧⅡウィナーズカップ,GII,デイ
2023/4/2,飯塚,令和５年度飯塚市営　飯塚ミッドナイト　４／１～,普通,ミッドナイト
2023/4/3,浜松,ＧⅡウィナーズカップ,GII,デイ
2023/4/3,飯塚,令和５年度飯塚市営　飯塚ミッドナイト　４／１～,普通,ミッドナイト
2023/4/4,山陽,令和５年度山陽小野田市営　山陽ミッドナイト　４／４～,普通,ミッドナイト
2023/4/4,浜松,ＧⅡウィナーズカップ,GII,デイ
2023/4/5,山陽,令和５年度山陽小野田市営　山陽ミッドナイト　４／４～,普通,ミッドナイト
2023/4/5,浜松,ＧⅡウィナーズカップ,GII,デイ
2023/4/6,山陽,令和５年度山陽小野田市営　山陽ミッドナイト　４／４～,普通,ミッドナイト
2023/4/6,川口,令和５年度川口市営　普通開催　４／６～,普通,デイ
2023/4/7,山陽,令和５年度山陽小野田市営　山陽ミッドナイト　４／４～,普通,ミッドナイト
2023/4/7,川口,令和５年度川口市営　普通開催　４／６～,普通,デイ
2023/4/8,川口,令和５年度川口市営　普通開催　４／６～,普通,デイ
2023/4/8,飯塚,令和５年度飯塚市営　普通開催　４／８～,普通,ナイター
2023/4/9,川口,令和５年度川口市営　普通開催　４／６～,普通,デイ
2023/4/9,飯塚,令和５年度飯塚市営　普通開催　４／８～,普通,ナイター
2023/4/10,川口,令和５年度川口市営　普通開催　４／６～,普通,デイ
2023/4/10,飯塚,令和５年度飯塚市営　普通開催　４／８～,普通,ナイター
2023/4/11,飯塚,令和５年度飯塚市営　普通開催　４／８～,普通,ナイター
2023/4/12,山陽,ＧⅠ令和グランドチャンピオンカップ,GI,デイ
2023/4/12,川口,令和５年度川口市営　川口ナイトレース　４／１２～,普通,ナイター
2023/4/13,山陽,ＧⅠ令和グランドチャンピオンカップ,GI,デイ
2023/4/13,川口,令和５年度川口市営　川口ナイトレース　４／１２～,普通,ナイター
2023/4/14,山陽,ＧⅠ令和グランドチャンピオンカップ,GI,デイ
2023/4/14,川口,令和５年度川口市営　川口ナイトレース　４／１２～,普通,ナイター
2023/4/15,山陽,ＧⅠ令和グランドチャンピオンカップ,GI,デイ
2023/4/15,川口,令和５年度川口市営　川口ナイトレース　４／１２～,普通,ナイター
2023/4/16,山陽,ＧⅠ令和グランドチャンピオンカップ,GI,デイ
2023/4/16,川口,令和５年度川口市営　川口ナイトレース　４／１２～,普通,ナイター
2023/4/17,浜松,令和５年度浜松市営　普通開催　４／１７～,普通,デイ
2023/4/17,飯塚,令和５年度飯塚市営　飯塚ミッドナイト　４／１７～,普通,ミッドナイト
2023/4/18,浜松,令和５年度浜松市営　普通開催　４／１７～,普通,デイ
2023/4/18,飯塚,令和５年度飯塚市営　飯塚ミッドナイト　４／１７～,普通,ミッドナイト
2023/4/19,浜松,令和５年度浜松市営　普通開催　４／１７～,普通,デイ
2023/4/19,飯塚,令和５年度飯塚市営　飯塚ミッドナイト　４／１７～,普通,ミッドナイト
2023/4/20,山陽,令和５年度山陽小野田市営　山陽ミッドナイト　４／２０～,普通,ミッドナイト
2023/4/20,浜松,令和５年度浜松市営　普通開催　４／１７～,普通,デイ
2023/4/21,山陽,令和５年度山陽小野田市営　山陽ミッドナイト　４／２０～,普通,ミッドナイト
2023/4/21,川口,令和５年度川口市営　普通開催　４／２１～,普通,デイ
2023/4/22,山陽,令和５年度山陽小野田市営　山陽ミッドナイト　４／２０～,普通,ミッドナイト
2023/4/22,川口,令和５年度川口市営　普通開催　４／２１～,普通,デイ
2023/4/23,山陽,令和５年度山陽小野田市営　山陽ミッドナイト　４／２０～,普通,ミッドナイト
2023/4/23,川口,令和５年度川口市営　普通開催　４／２１～,普通,デイ
2023/4/24,山陽,令和５年度山陽小野田市営　山陽ミッドナイト　４／２０～,普通,ミッドナイト
2023/4/24,川口,令和５年度川口市営　普通開催　４／２１～,普通,デイ
2023/4/25,浜松,令和５年度浜松市営　浜松アーリーレース　４／２５～,普通,モーニング
2023/4/25,飯塚,ＳＧオールスター・オートレース,普通,ナイター
2023/4/26,浜松,令和５年度浜松市営　浜松アーリーレース　４／２５～,普通,モーニング
2023/4/26,飯塚,ＳＧオールスター・オートレース,普通,ナイター
2023/4/27,浜松,令和５年度浜松市営　浜松アーリーレース　４／２５～,普通,モーニング
2023/4/27,飯塚,ＳＧオールスター・オートレース,普通,ナイター
2023/4/28,浜松,令和５年度浜松市営　浜松アーリーレース４／２８～,普通,モーニング
2023/4/28,飯塚,ＳＧオールスター・オートレース,普通,ナイター
2023/4/29,浜松,令和５年度浜松市営　浜松アーリーレース４／２８～,普通,モーニング
2023/4/29,飯塚,ＳＧオールスター・オートレース,普通,ナイター
2023/4/30,浜松,令和５年度浜松市営　浜松アーリーレース４／２８～,普通,モーニング
2023/4/30,飯塚,ＳＧオールスター・オートレース,普通,ナイター
2023/5/1,伊勢崎,令和５年度伊勢崎市営　アフター５　５／１～,普通,ナイター
2023/5/1,山陽,令和５年度山陽小野田市営　普通開催　５／１～,普通,デイ
2023/5/2,伊勢崎,令和５年度伊勢崎市営　アフター５　５／１～,普通,ナイター
2023/5/2,山陽,令和５年度山陽小野田市営　普通開催　５／１～,普通,デイ
2023/5/3,伊勢崎,令和５年度伊勢崎市営　アフター５　５／１～,普通,ナイター
2023/5/3,山陽,令和５年度山陽小野田市営　普通開催　５／１～,普通,デイ
2023/5/4,伊勢崎,令和５年度伊勢崎市営　普通開催　５／４～　ナイター,普通,ナイター
2023/5/4,山陽,令和５年度山陽小野田市営　山陽ミッドナイト　５／４～,普通,ミッドナイト
2023/5/4,川口,令和５年度川口市営　普通開催　５／４～,普通,デイ
2023/5/5,伊勢崎,令和５年度伊勢崎市営　普通開催　５／４～　ナイター,普通,ナイター
2023/5/5,山陽,令和５年度山陽小野田市営　山陽ミッドナイト　５／４～,普通,ミッドナイト
2023/5/5,川口,令和５年度川口市営　普通開催　５／４～,普通,デイ
2023/5/6,伊勢崎,令和５年度伊勢崎市営　普通開催　５／４～　ナイター,普通,ナイター
2023/5/6,山陽,令和５年度山陽小野田市営　山陽ミッドナイト　５／４～,普通,ミッドナイト
2023/5/6,川口,令和５年度川口市営　普通開催　５／４～,普通,デイ
2023/5/7,川口,令和５年度川口市営　普通開催　５／７～　ナイター,普通,ナイター
2023/5/7,飯塚,令和５年度飯塚市営　普通開催　５／７～,普通,デイ
2023/5/8,川口,令和５年度川口市営　普通開催　５／７～　ナイター,普通,ナイター
2023/5/8,飯塚,令和５年度飯塚市営　普通開催　５／７～,普通,デイ
2023/5/9,川口,令和５年度川口市営　普通開催　５／７～　ナイター,普通,ナイター
2023/5/9,飯塚,令和５年度飯塚市営　普通開催　５／７～,普通,デイ
2023/5/10,山陽,令和５年度山陽小野田市営　山陽ミッドナイト　５／１０～,普通,ミッドナイト
2023/5/10,浜松,ＧⅠ開場記念ゴールデンレース,GI,デイ
2023/5/11,山陽,令和５年度山陽小野田市営　山陽ミッドナイト　５／１０～,普通,ミッドナイト
2023/5/11,浜松,ＧⅠ開場記念ゴールデンレース,GI,デイ
2023/5/12,山陽,令和５年度山陽小野田市営　山陽ミッドナイト　５／１０～,普通,ミッドナイト
2023/5/12,浜松,ＧⅠ開場記念ゴールデンレース,GI,デイ
2023/5/13,山陽,令和５年度山陽小野田市営　山陽ミッドナイト　５／１０～,普通,ミッドナイト
2023/5/13,浜松,ＧⅠ開場記念ゴールデンレース,GI,デイ
2023/5/14,浜松,ＧⅠ開場記念ゴールデンレース,GI,デイ
2023/5/15,山陽,令和５年度山陽小野田市営　山陽ミッドナイト　５／１５～,普通,ミッドナイト
2023/5/15,川口,令和５年度川口市　普通開催　５／１５～,普通,デイ
2023/5/16,山陽,令和５年度山陽小野田市営　山陽ミッドナイト　５／１５～,普通,ミッドナイト
2023/5/16,川口,令和５年度川口市　普通開催　５／１５～,普通,デイ
2023/5/17,山陽,令和５年度山陽小野田市営　山陽ミッドナイト　５／１５～,普通,ミッドナイト
2023/5/17,川口,令和５年度川口市　普通開催　５／１５～,普通,デイ
2023/5/18,山陽,令和５年度山陽小野田市営　山陽ミッドナイト　５／１５～,普通,ミッドナイト
2023/5/18,川口,令和５年度川口市　普通開催　５／１５～,普通,デイ
2023/5/19,飯塚,令和５年度飯塚市営　普通開催　５／１９～,普通,デイ
2023/5/20,伊勢崎,令和５年度伊勢崎市営　普通開催　５／２０～　ナイター,普通,ナイター
2023/5/20,飯塚,令和５年度飯塚市営　普通開催　５／１９～,普通,デイ
2023/5/21,伊勢崎,令和５年度伊勢崎市営　普通開催　５／２０～　ナイター,普通,ナイター
2023/5/21,飯塚,令和５年度飯塚市営　普通開催　５／１９～,普通,デイ
2023/5/22,伊勢崎,令和５年度伊勢崎市営　普通開催　５／２０～　ナイター,普通,ナイター
2023/5/22,飯塚,令和５年度飯塚市営　普通開催　５／１９～,普通,デイ
2023/5/23,伊勢崎,令和５年度伊勢崎市営　普通開催　５／２０～　ナイター,普通,ナイター
2023/5/23,山陽,令和５年度山陽小野田市営　山陽ミッドナイト　５／２３～,普通,ミッドナイト
2023/5/24,山陽,令和５年度山陽小野田市営　山陽ミッドナイト　５／２３～,普通,ミッドナイト
2023/5/24,川口,ＧⅡ川口記念,GII,ナイター
2023/5/25,山陽,令和５年度山陽小野田市営　山陽ミッドナイト　５／２３～,普通,ミッドナイト
2023/5/25,川口,ＧⅡ川口記念,GII,ナイター
2023/5/25,浜松,令和５年度浜松市営　浜松アーリーレース　５／２５～,普通,モーニング
2023/5/26,山陽,令和５年度山陽小野田市営　山陽ミッドナイト　５／２３～,普通,ミッドナイト
2023/5/26,川口,ＧⅡ川口記念,GII,ナイター
2023/5/26,浜松,令和５年度浜松市営　浜松アーリーレース　５／２５～,普通,モーニング
2023/5/27,川口,ＧⅡ川口記念,GII,ナイター
2023/5/27,浜松,令和５年度浜松市営　浜松アーリーレース　５／２５～,普通,モーニング
2023/5/28,川口,ＧⅡ川口記念,GII,ナイター
2023/5/28,浜松,令和５年度浜松市営　浜松アーリーレース　５／２５～,普通,モーニング
2023/5/29,山陽,令和５年度山陽小野田市営　普通開催　５／２９～,普通,デイ
2023/5/30,伊勢崎,令和５年度伊勢崎市営　伊勢崎アフター５　５／３０～,普通,ナイター
2023/5/30,山陽,令和５年度山陽小野田市営　普通開催　５／２９～,普通,デイ
2023/5/31,伊勢崎,令和５年度伊勢崎市営　伊勢崎アフター５　５／３０～,普通,ナイター
2023/5/31,山陽,令和５年度山陽小野田市営　普通開催　５／２９～,普通,デイ
2023/6/1,伊勢崎,令和５年度伊勢崎市営　伊勢崎アフター５　５／３０～,普通,ナイター
2023/6/1,山陽,令和５年度山陽小野田市営　普通開催　５／２９～,普通,デイ
2023/6/2,伊勢崎,令和５年度伊勢崎市営　伊勢崎アフター５　５／３０～,普通,ナイター
2023/6/2,飯塚,令和５年度飯塚市営　普通開催　６／２～,普通,デイ
2023/6/3,川口,令和５年度川口市営　普通開催　６／３～　,普通,ナイター
2023/6/3,飯塚,令和５年度飯塚市営　普通開催　６／２～,普通,デイ
2023/6/4,川口,令和５年度川口市営　普通開催　６／３～　,普通,ナイター
2023/6/4,飯塚,令和５年度飯塚市営　普通開催　６／２～,普通,デイ
2023/6/5,川口,令和５年度川口市営　普通開催　６／３～　,普通,ナイター
2023/6/6,山陽,令和５年度山陽小野田市営　山陽ミッドナイト　６／６～,普通,ミッドナイト
2023/6/6,川口,令和５年度川口市営　普通開催　６／３～　,普通,ナイター
2023/6/7,伊勢崎,ＧⅡ稲妻賞,GII,ナイター
2023/6/7,山陽,令和５年度山陽小野田市営　山陽ミッドナイト　６／６～,普通,ミッドナイト
2023/6/8,伊勢崎,ＧⅡ稲妻賞,GII,ナイター
2023/6/8,山陽,令和５年度山陽小野田市営　山陽ミッドナイト　６／６～,普通,ミッドナイト
2023/6/8,浜松,令和５年度浜松市営　浜松アーリーレース　６／８～,普通,モーニング
2023/6/9,伊勢崎,ＧⅡ稲妻賞,GII,ナイター
2023/6/9,山陽,令和５年度山陽小野田市営　山陽ミッドナイト　６／６～,普通,ミッドナイト
2023/6/9,浜松,令和５年度浜松市営　浜松アーリーレース　６／８～,普通,モーニング
2023/6/10,伊勢崎,ＧⅡ稲妻賞,GII,ナイター
2023/6/10,浜松,令和５年度浜松市営　浜松アーリーレース　６／８～,普通,モーニング
2023/6/11,伊勢崎,ＧⅡ稲妻賞,GII,ナイター
2023/6/11,浜松,令和５年度浜松市営　浜松アーリーレース　６／８～,普通,モーニング
2023/6/12,山陽,令和５年度山陽小野田市営　普通開催　６／１２～　,普通,ナイター
2023/6/13,山陽,令和５年度山陽小野田市営　普通開催　６／１２～　,普通,ナイター
2023/6/14,山陽,令和５年度山陽小野田市営　普通開催　６／１２～　,普通,ナイター
2023/6/15,山陽,令和５年度山陽小野田市営　山陽ミッドナイト　６／１５～,普通,ミッドナイト
2023/6/15,川口,令和５年度川口市営普通開催　６／１５～　,普通,ナイター
2023/6/16,山陽,令和５年度山陽小野田市営　山陽ミッドナイト　６／１５～,普通,ミッドナイト
2023/6/16,川口,令和５年度川口市営普通開催　６／１５～　,普通,ナイター
2023/6/17,山陽,令和５年度山陽小野田市営　山陽ミッドナイト　６／１５～,普通,ミッドナイト
2023/6/17,川口,令和５年度川口市営普通開催　６／１５～　,普通,ナイター
2023/6/17,浜松,令和５年度浜松市営　普通開催　６／１７～,普通,デイ
2023/6/18,川口,令和５年度川口市営普通開催　６／１５～　,普通,ナイター
2023/6/18,浜松,令和５年度浜松市営　普通開催　６／１７～,普通,デイ
2023/6/19,川口,令和５年度川口市営　川口ナイトレース　６／１９～,普通,ナイター
2023/6/19,浜松,令和５年度浜松市営　普通開催　６／１７～,普通,デイ
2023/6/20,川口,令和５年度川口市営　川口ナイトレース　６／１９～,普通,ナイター
2023/6/20,浜松,令和５年度浜松市営　普通開催　６／１７～,普通,デイ
2023/6/21,山陽,ＧⅡ小林啓二杯,GII,デイ
2023/6/21,川口,令和５年度川口市営　川口ナイトレース　６／１９～,普通,ナイター
2023/6/22,伊勢崎,令和５年度伊勢崎市営　伊勢崎アフター５　６／２２～,普通,ナイター
2023/6/22,山陽,ＧⅡ小林啓二杯,GII,デイ
2023/6/23,伊勢崎,令和５年度伊勢崎市営　伊勢崎アフター５　６／２２～,普通,ナイター
2023/6/23,山陽,ＧⅡ小林啓二杯,GII,デイ
2023/6/24,伊勢崎,令和５年度伊勢崎市営　伊勢崎アフター５　６／２２～,普通,ナイター
2023/6/24,山陽,ＧⅡ小林啓二杯,GII,デイ
2023/6/25,伊勢崎,令和５年度伊勢崎市営　伊勢崎アフター５　６／２２～,普通,ナイター
2023/6/25,山陽,ＧⅡ小林啓二杯,GII,デイ
2023/6/26,川口,令和５年度川口市営　普通開催　６／２６～,普通,デイ
2023/6/26,飯塚,令和５年度飯塚市営　飯塚ミッドナイト　６／２６～,普通,ミッドナイト
2023/6/27,川口,令和５年度川口市営　普通開催　６／２６～,普通,デイ
2023/6/27,飯塚,令和５年度飯塚市営　飯塚ミッドナイト　６／２６～,普通,ミッドナイト
2023/6/28,川口,令和５年度川口市営　普通開催　６／２６～,普通,デイ
2023/6/28,飯塚,令和５年度飯塚市営　飯塚ミッドナイト　６／２６～,普通,ミッドナイト
2023/6/29,伊勢崎,令和５年度伊勢崎市営　普通開催　６／２９～　,普通,ナイター
2023/6/29,川口,令和５年度川口市営　普通開催　６／２６～,普通,デイ
2023/6/30,伊勢崎,令和５年度伊勢崎市営　普通開催　６／２９～　,普通,ナイター
2023/6/30,山陽,令和５年度山陽小野田市営　普通開催　６／３０～,普通,デイ
2023/7/1,伊勢崎,令和５年度伊勢崎市営　普通開催　６／２９～　,普通,ナイター
2023/7/1,山陽,令和５年度山陽小野田市営　普通開催　６／３０～,普通,デイ
2023/7/2,伊勢崎,令和５年度伊勢崎市営　普通開催　６／２９～　,普通,ナイター
2023/7/2,山陽,令和５年度山陽小野田市営　普通開催　６／３０～,普通,デイ
2023/7/3,浜松,令和５年度浜松市営　普通開催　７／３～,普通,デイ
2023/7/3,飯塚,ＧⅡミッドナイトチャンピオンカップ,GII,ミッドナイト
2023/7/4,浜松,令和５年度浜松市営　普通開催　７／３～,普通,デイ
2023/7/4,飯塚,ＧⅡミッドナイトチャンピオンカップ,GII,ミッドナイト
2023/7/5,浜松,令和５年度浜松市営　普通開催　７／３～,普通,デイ
2023/7/5,飯塚,ＧⅡミッドナイトチャンピオンカップ,GII,ミッドナイト
2023/7/6,川口,令和５年度川口市営　普通開催　７／６～,普通,デイ
2023/7/6,飯塚,ＧⅡミッドナイトチャンピオンカップ,GII,ミッドナイト
2023/7/7,川口,令和５年度川口市営　普通開催　７／６～,普通,デイ
2023/7/7,飯塚,ＧⅡミッドナイトチャンピオンカップ,GII,ミッドナイト
2023/7/8,伊勢崎,令和５年度伊勢崎市営　普通開催　７／８～　,普通,ナイター
2023/7/8,川口,令和５年度川口市営　普通開催　７／６～,普通,デイ
2023/7/9,伊勢崎,令和５年度伊勢崎市営　普通開催　７／８～　,普通,ナイター
2023/7/9,川口,令和５年度川口市営　普通開催　７／６～,普通,デイ
2023/7/10,伊勢崎,令和５年度伊勢崎市営　普通開催　７／８～　,普通,ナイター
2023/7/10,山陽,令和５年度山陽小野田市営　普通開催　７／１０～,普通,デイ
2023/7/11,伊勢崎,令和５年度伊勢崎市営　普通開催　７／８～　,普通,ナイター
2023/7/11,山陽,令和５年度山陽小野田市営　普通開催　７／１０～,普通,デイ
2023/7/12,山陽,令和５年度山陽小野田市営　普通開催　７／１０～,普通,デイ
2023/7/13,山陽,令和５年度山陽小野市営　山陽ミッドナイト　７／１３～,普通,ミッドナイト
2023/7/13,川口,ＧⅠキューポラ杯,GI,ナイター
2023/7/14,山陽,令和５年度山陽小野市営　山陽ミッドナイト　７／１３～,普通,ミッドナイト
2023/7/14,川口,ＧⅠキューポラ杯,GI,ナイター
2023/7/14,浜松,令和５年度浜松市営　浜松アーリーレース　７／１４～,普通,モーニング
2023/7/15,山陽,令和５年度山陽小野市営　山陽ミッドナイト　７／１３～,普通,ミッドナイト
2023/7/15,川口,ＧⅠキューポラ杯,GI,ナイター
2023/7/15,浜松,令和５年度浜松市営　浜松アーリーレース　７／１４～,普通,モーニング
2023/7/16,川口,ＧⅠキューポラ杯,GI,ナイター
2023/7/16,浜松,令和５年度浜松市営　浜松アーリーレース　７／１４～,普通,モーニング
2023/7/17,川口,ＧⅠキューポラ杯,GI,ナイター
2023/7/17,浜松,令和５年度浜松市営　浜松アーリーレース　７／１４～,普通,モーニング
2023/7/18,山陽,令和５年度山陽小野田市営　普通開催　７／１８～,普通,ナイター
2023/7/18,飯塚,令和５年度飯塚市営　飯塚ミッドナイト　７／１８～,普通,ミッドナイト
2023/7/19,山陽,令和５年度山陽小野田市営　普通開催　７／１８～,普通,ナイター
2023/7/19,飯塚,令和５年度飯塚市営　飯塚ミッドナイト　７／１８～,普通,ミッドナイト
2023/7/20,山陽,令和５年度山陽小野田市営　普通開催　７／１８～,普通,ナイター
2023/7/20,川口,令和５年度川口市営　普通開催　７／２０～,普通,デイ
2023/7/20,飯塚,令和５年度飯塚市営　飯塚ミッドナイト　７／１８～,普通,ミッドナイト
2023/7/21,伊勢崎,令和５年度伊勢崎市営　普通開催　７／２１～,普通,ナイター
2023/7/21,川口,令和５年度川口市営　普通開催　７／２０～,普通,デイ
2023/7/22,伊勢崎,令和５年度伊勢崎市営　普通開催　７／２１～,普通,ナイター
2023/7/22,川口,令和５年度川口市営　普通開催　７／２０～,普通,デイ
2023/7/23,伊勢崎,令和５年度伊勢崎市営　普通開催　７／２１～,普通,ナイター
2023/7/23,川口,令和５年度川口市営　普通開催　７／２０～,普通,デイ
2023/7/24,山陽,令和５年度山陽小野田市営　山陽ミッドナイト　７／２４～,普通,ミッドナイト
2023/7/24,川口,令和５年度川口市営　普通開催　７／２０～,普通,デイ
2023/7/25,山陽,令和５年度山陽小野田市営　山陽ミッドナイト　７／２４～,普通,ミッドナイト
2023/7/25,浜松,令和５年度浜松市営　普通開催　７／２５～,普通,デイ
2023/7/26,山陽,令和５年度山陽小野田市営　山陽ミッドナイト　７／２４～,普通,ミッドナイト
2023/7/26,浜松,令和５年度浜松市営　普通開催　７／２５～,普通,デイ
2023/7/27,山陽,令和５年度山陽小野田市営　山陽ミッドナイト　７／２４～,普通,ミッドナイト
2023/7/27,浜松,令和５年度浜松市営　普通開催　７／２５～,普通,デイ
2023/7/28,浜松,令和５年度浜松市営　浜松アーリーレース　７／２８～,普通,モーニング
2023/7/28,飯塚,ＧⅡオーバルチャンピオンカップ,GII,ナイター
2023/7/29,浜松,令和５年度浜松市営　浜松アーリーレース　７／２８～,普通,モーニング
2023/7/29,飯塚,ＧⅡオーバルチャンピオンカップ,GII,ナイター
2023/7/30,浜松,令和５年度浜松市営　浜松アーリーレース　７／２８～,普通,モーニング
2023/7/30,飯塚,ＧⅡオーバルチャンピオンカップ,GII,ナイター
2023/7/31,浜松,令和５年度浜松市営　浜松アーリーレース　７／２８～,普通,モーニング
2023/7/31,飯塚,ＧⅡオーバルチャンピオンカップ,GII,ナイター
2023/8/1,飯塚,ＧⅡオーバルチャンピオンカップ,GII,ナイター
2023/8/3,川口,令和５年度川口市営　普通開催　８／３～,普通,ナイター
2023/8/4,川口,令和５年度川口市営　普通開催　８／３～,普通,ナイター
2023/8/4,浜松,令和５年度浜松市営　普通開催　８／４～,普通,デイ
2023/8/5,川口,令和５年度川口市営　普通開催　８／３～,普通,ナイター
2023/8/5,浜松,令和５年度浜松市営　普通開催　８／４～,普通,デイ
2023/8/6,川口,令和５年度川口市営　普通開催　８／３～,普通,ナイター
2023/8/6,浜松,令和５年度浜松市営　普通開催　８／４～,普通,デイ
2023/8/7,山陽,令和５年度山陽小野田市営　普通開催　８／７～,普通,ナイター
2023/8/7,浜松,令和５年度浜松市営　浜松アーリーレース　８／７～,普通,モーニング
2023/8/8,山陽,令和５年度山陽小野田市営　普通開催　８／７～,普通,ナイター
2023/8/8,浜松,令和５年度浜松市営　浜松アーリーレース　８／７～,普通,モーニング
2023/8/9,山陽,令和５年度山陽小野田市営　普通開催　８／７～,普通,ナイター
2023/8/9,浜松,令和５年度浜松市営　浜松アーリーレース　８／７～,普通,モーニング
2023/8/10,伊勢崎,ＳＧオートレースグランプリ,普通,ナイター
2023/8/10,山陽,令和５年度山陽小野田市営　山陽ミッドナイト　８／１０～,普通,ミッドナイト
2023/8/11,伊勢崎,ＳＧオートレースグランプリ,普通,ナイター
2023/8/11,山陽,令和５年度山陽小野田市営　山陽ミッドナイト　８／１０～,普通,ミッドナイト
2023/8/12,伊勢崎,ＳＧオートレースグランプリ,普通,ナイター
2023/8/12,山陽,令和５年度山陽小野田市営　山陽ミッドナイト　８／１０～,普通,ミッドナイト
2023/8/13,伊勢崎,ＳＧオートレースグランプリ,普通,ナイター
2023/8/14,伊勢崎,ＳＧオートレースグランプリ,普通,ナイター
2023/8/15,伊勢崎,ＳＧオートレースグランプリ,普通,ナイター
2023/8/16,山陽,令和５年度山陽小野田市営　山陽ミッドナイト　８／１６～,普通,ミッドナイト
2023/8/16,飯塚,令和５年度飯塚市営　普通開催　８／１６～,普通,ナイター
2023/8/17,山陽,令和５年度山陽小野田市営　山陽ミッドナイト　８／１６～,普通,ミッドナイト
2023/8/17,飯塚,令和５年度飯塚市営　普通開催　８／１６～,普通,ナイター
2023/8/18,山陽,令和５年度山陽小野田市営　山陽ミッドナイト　８／１６～,普通,ミッドナイト
2023/8/18,飯塚,令和５年度飯塚市営　普通開催　８／１６～,普通,ナイター
2023/8/19,伊勢崎,令和５年度伊勢崎市営　普通開催　８／１９～　,普通,ナイター
2023/8/19,川口,令和５年度川口市営　普通開催　８／１９～,普通,デイ
2023/8/20,伊勢崎,令和５年度伊勢崎市営　普通開催　８／１９～　,普通,ナイター
2023/8/20,川口,令和５年度川口市営　普通開催　８／１９～,普通,デイ
2023/8/21,伊勢崎,令和５年度伊勢崎市営　普通開催　８／１９～　,普通,ナイター
2023/8/21,川口,令和５年度川口市営　普通開催　８／１９～,普通,デイ
2023/8/22,伊勢崎,令和５年度伊勢崎市営　伊勢崎アフター５　８／２２～,普通,ナイター
2023/8/22,川口,令和５年度川口市営　普通開催　８／１９～,普通,デイ
2023/8/23,伊勢崎,令和５年度伊勢崎市営　伊勢崎アフター５　８／２２～,普通,ナイター
2023/8/24,伊勢崎,令和５年度伊勢崎市営　伊勢崎アフター５　８／２２～,普通,ナイター
2023/8/25,飯塚,ＧⅠダイヤモンドレース,GI,ナイター
2023/8/26,浜松,令和５年度浜松市営　浜松アーリーレース　８／２６～,普通,モーニング
2023/8/26,飯塚,ＧⅠダイヤモンドレース,GI,ナイター
2023/8/27,浜松,令和５年度浜松市営　浜松アーリーレース　８／２６～,普通,モーニング
2023/8/27,飯塚,ＧⅠダイヤモンドレース,GI,ナイター
2023/8/28,浜松,令和５年度浜松市営　浜松アーリーレース　８／２６～,普通,モーニング
2023/8/28,飯塚,ＧⅠダイヤモンドレース,GI,ナイター
2023/8/29,浜松,令和５年度浜松市営　浜松アーリーレース　８／２６～,普通,モーニング
2023/8/29,飯塚,ＧⅠダイヤモンドレース,GI,ナイター
2023/8/30,伊勢崎,令和５年度伊勢崎市営　普通開催　８／３０～,普通,ナイター
2023/8/31,伊勢崎,令和５年度伊勢崎市営　普通開催　８／３０～,普通,ナイター
2023/9/1,伊勢崎,令和５年度伊勢崎市営　普通開催　８／３０～,普通,ナイター
2023/9/1,飯塚,令和５年度飯塚市営　普通開催　９／１～,普通,デイ
2023/9/2,伊勢崎,令和５年度伊勢崎市営　普通開催　８／３０～,普通,ナイター
2023/9/2,飯塚,令和５年度飯塚市営　普通開催　９／１～,普通,デイ
2023/9/3,川口,令和５年度川口市営　普通開催　９／３～,普通,ナイター
2023/9/3,飯塚,令和５年度飯塚市営　普通開催　９／１～,普通,デイ
2023/9/4,川口,令和５年度川口市営　普通開催　９／３～,普通,ナイター
2023/9/4,飯塚,令和５年度飯塚市営　飯塚ミッドナイト　９／４～,普通,ミッドナイト
2023/9/5,川口,令和５年度川口市営　普通開催　９／３～,普通,ナイター
2023/9/5,飯塚,令和５年度飯塚市営　飯塚ミッドナイト　９／４～,普通,ミッドナイト
2023/9/6,伊勢崎,ＧⅠムーンライトチャンピオンカップ,GI,ナイター
2023/9/6,飯塚,令和５年度飯塚市営　飯塚ミッドナイト　９／４～,普通,ミッドナイト
2023/9/7,伊勢崎,ＧⅠムーンライトチャンピオンカップ,GI,ナイター
2023/9/7,浜松,令和５年度浜松市営　浜松アーリーレース　９／７～,普通,モーニング
2023/9/8,伊勢崎,ＧⅠムーンライトチャンピオンカップ,GI,ナイター
2023/9/8,浜松,令和５年度浜松市営　浜松アーリーレース　９／７～,普通,モーニング
2023/9/9,伊勢崎,ＧⅠムーンライトチャンピオンカップ,GI,ナイター
2023/9/9,浜松,令和５年度浜松市営　浜松アーリーレース　９／７～,普通,モーニング
2023/9/10,伊勢崎,ＧⅠムーンライトチャンピオンカップ,GI,ナイター
2023/9/10,浜松,令和５年度浜松市営　浜松アーリーレース　９／７～,普通,モーニング
2023/9/11,飯塚,令和５年度飯塚市営　普通開催　９／１１～,普通,デイ
2023/9/12,川口,令和５年度川口市営　川口ナイトレース　９／１２～,普通,ナイター
2023/9/12,飯塚,令和５年度飯塚市営　普通開催　９／１１～,普通,デイ
2023/9/13,川口,令和５年度川口市営　川口ナイトレース　９／１２～,普通,ナイター
2023/9/13,飯塚,令和５年度飯塚市営　普通開催　９／１１～,普通,デイ
2023/9/14,川口,令和５年度川口市営　川口ナイトレース　９／１２～,普通,ナイター
2023/9/14,浜松,特別ＧⅠ共同通信社杯プレミアムカップ,GI,デイ
2023/9/15,浜松,特別ＧⅠ共同通信社杯プレミアムカップ,GI,デイ
2023/9/15,飯塚,令和５年度飯塚市営　飯塚ミッドナイト　９／１５～,普通,ミッドナイト
2023/9/16,浜松,特別ＧⅠ共同通信社杯プレミアムカップ,GI,デイ
2023/9/16,飯塚,令和５年度飯塚市営　飯塚ミッドナイト　９／１５～,普通,ミッドナイト
2023/9/17,浜松,特別ＧⅠ共同通信社杯プレミアムカップ,GI,デイ
2023/9/17,飯塚,令和５年度飯塚市営　飯塚ミッドナイト　９／１５～,普通,ミッドナイト
2023/9/18,浜松,特別ＧⅠ共同通信社杯プレミアムカップ,GI,デイ
2023/9/18,飯塚,令和５年度飯塚市営　飯塚ミッドナイト　９／１５～,普通,ミッドナイト
2023/9/19,伊勢崎,令和５年度伊勢崎市営　普通開催　９／１９～,普通,ナイター
2023/9/20,伊勢崎,令和５年度伊勢崎市営　普通開催　９／１９～,普通,ナイター
2023/9/21,伊勢崎,令和５年度伊勢崎市営　普通開催　９／１９～,普通,ナイター
2023/9/21,飯塚,令和５年度飯塚市営　飯塚ミッドナイト　９／２１～,普通,ミッドナイト
2023/9/22,川口,令和５年度川口市営　普通開催　９／２２～,普通,ナイター
2023/9/22,飯塚,令和５年度飯塚市営　飯塚ミッドナイト　９／２１～,普通,ミッドナイト
2023/9/23,川口,令和５年度川口市営　普通開催　９／２２～,普通,ナイター
2023/9/23,浜松,令和５年度浜松市営　普通開催　９／２３～,普通,デイ
2023/9/23,飯塚,令和５年度飯塚市営　飯塚ミッドナイト　９／２１～,普通,ミッドナイト
2023/9/24,川口,令和５年度川口市営　普通開催　９／２２～,普通,ナイター
2023/9/24,浜松,令和５年度浜松市営　普通開催　９／２３～,普通,デイ
2023/9/25,川口,令和５年度川口市営　普通開催　９／２２～,普通,ナイター
2023/9/25,浜松,令和５年度浜松市営　普通開催　９／２３～,普通,デイ
2023/9/26,飯塚,令和５年度飯塚市営　普通開催　９／２６～,普通,デイ
2023/9/27,伊勢崎,令和５年度伊勢崎市営　伊勢崎アフター５　９／２７～,普通,ナイター
2023/9/27,飯塚,令和５年度飯塚市営　普通開催　９／２６～,普通,デイ
2023/9/28,伊勢崎,令和５年度伊勢崎市営　伊勢崎アフター５　９／２７～,普通,ナイター
2023/9/28,飯塚,令和５年度飯塚市営　普通開催　９／２６～,普通,デイ
2023/9/29,伊勢崎,令和５年度伊勢崎市営　伊勢崎アフター５　９／２７～,普通,ナイター
2023/9/29,飯塚,令和５年度飯塚市営　普通開催　９／２６～,普通,デイ
2023/9/30,伊勢崎,令和５年度伊勢崎市営　普通開催　９／３０～,普通,ナイター
2023/9/30,川口,令和５年度川口市営　普通開催　９／３０～,普通,デイ
2023/10/1,伊勢崎,令和５年度伊勢崎市営　普通開催　９／３０～,普通,ナイター
2023/10/1,川口,令和５年度川口市営　普通開催　９／３０～,普通,デイ
2023/10/2,伊勢崎,令和５年度伊勢崎市営　普通開催　９／３０～,普通,ナイター
2023/10/2,川口,令和５年度川口市営　普通開催　９／３０～,普通,デイ
2023/10/3,川口,令和５年度川口市営　普通開催　９／３０～,普通,デイ
2023/10/3,飯塚,令和５年度飯塚市営　飯塚ミッドナイト　１０／３～,普通,ミッドナイト
2023/10/4,川口,令和５年度川口市営　普通開催　９／３０～,普通,デイ
2023/10/4,飯塚,令和５年度飯塚市営　飯塚ミッドナイト　１０／３～,普通,ミッドナイト
2023/10/5,浜松,ＧⅡ浜松記念曳馬野賞,GII,デイ
2023/10/5,飯塚,令和５年度飯塚市営　飯塚ミッドナイト　１０／３～,普通,ミッドナイト
2023/10/6,浜松,ＧⅡ浜松記念曳馬野賞,GII,デイ
2023/10/6,飯塚,令和５年度飯塚市営　飯塚ミッドナイト　１０／６～,普通,ミッドナイト
2023/10/7,浜松,ＧⅡ浜松記念曳馬野賞,GII,デイ
2023/10/7,飯塚,令和５年度飯塚市営　飯塚ミッドナイト　１０／６～,普通,ミッドナイト
2023/10/8,浜松,ＧⅡ浜松記念曳馬野賞,GII,デイ
2023/10/8,飯塚,令和５年度飯塚市営　飯塚ミッドナイト　１０／６～,普通,ミッドナイト
2023/10/9,浜松,ＧⅡ浜松記念曳馬野賞,GII,デイ
2023/10/10,川口,令和５年度川口市営　普通開催　１０／１０～,普通,デイ
2023/10/11,伊勢崎,令和５年度伊勢崎市営　伊勢崎アフター５　１０／１１～,普通,ナイター
2023/10/11,川口,令和５年度川口市営　普通開催　１０／１０～,普通,デイ
2023/10/12,伊勢崎,令和５年度伊勢崎市営　伊勢崎アフター５　１０／１１～,普通,ナイター
2023/10/12,川口,令和５年度川口市営　普通開催　１０／１０～,普通,デイ
2023/10/13,伊勢崎,令和５年度伊勢崎市営　伊勢崎アフター５　１０／１１～,普通,ナイター
2023/10/13,川口,令和５年度川口市営　普通開催　１０／１０～,普通,デイ
2023/10/14,飯塚,ＧⅡオートレースメモリアル,GII,デイ
2023/10/15,川口,令和５年度川口市営　川口ナイトレース　１０／１５～,普通,ナイター
2023/10/15,飯塚,ＧⅡオートレースメモリアル,GII,デイ
2023/10/16,川口,令和５年度川口市営　川口ナイトレース　１０／１５～,普通,ナイター
2023/10/16,飯塚,ＧⅡオートレースメモリアル,GII,デイ
2023/10/17,川口,令和５年度川口市営　川口ナイトレース　１０／１５～,普通,ナイター
2023/10/17,飯塚,ＧⅡオートレースメモリアル,GII,デイ
2023/10/18,川口,令和５年度川口市営　川口ナイトレース　１０／１５～,普通,ナイター
2023/10/18,飯塚,ＧⅡオートレースメモリアル,GII,デイ
2023/10/19,伊勢崎,令和５年度伊勢崎市営　普通開催　１０／１９～,普通,ナイター
2023/10/20,伊勢崎,令和５年度伊勢崎市営　普通開催　１０／１９～,普通,ナイター
2023/10/20,飯塚,令和５年度飯塚市営　普通開催　１０／２０～,普通,デイ
2023/10/21,伊勢崎,令和５年度伊勢崎市営　普通開催　１０／１９～,普通,ナイター
2023/10/21,飯塚,令和５年度飯塚市営　普通開催　１０／２０～,普通,デイ
2023/10/22,伊勢崎,令和５年度伊勢崎市営　普通開催　１０／１９～,普通,ナイター
2023/10/22,飯塚,令和５年度飯塚市営　普通開催　１０／２０～,普通,デイ
2023/10/23,浜松,令和５年度浜松市営　普通開催　１０／２３～,普通,デイ
2023/10/23,飯塚,令和５年度飯塚市営　飯塚ミッドナイト　１０／２３～,普通,ミッドナイト
2023/10/24,浜松,令和５年度浜松市営　普通開催　１０／２３～,普通,デイ
2023/10/24,飯塚,令和５年度飯塚市営　飯塚ミッドナイト　１０／２３～,普通,ミッドナイト
2023/10/25,浜松,令和５年度浜松市営　普通開催　１０／２３～,普通,デイ
2023/10/25,飯塚,令和５年度飯塚市営　飯塚ミッドナイト　１０／２３～,普通,ミッドナイト
2023/10/26,伊勢崎,令和５年度伊勢崎市営　普通開催　１０／２６～,普通,ナイター
2023/10/27,伊勢崎,令和５年度伊勢崎市営　普通開催　１０／２６～,普通,ナイター
2023/10/27,飯塚,令和５年度飯塚市営　普通開催　１０／２７～,普通,デイ
2023/10/28,伊勢崎,令和５年度伊勢崎市営　普通開催　１０／２６～,普通,ナイター
2023/10/28,飯塚,令和５年度飯塚市営　普通開催　１０／２７～,普通,デイ
2023/10/29,伊勢崎,令和５年度伊勢崎市営　普通開催　１０／２６～,普通,ナイター
2023/10/29,飯塚,令和５年度飯塚市営　普通開催　１０／２７～,普通,デイ
2023/10/30,飯塚,令和５年度飯塚市営　飯塚ミッドナイト　１０／３０～,普通,ミッドナイト
2023/10/31,浜松,ＳＧ日本選手権オートレース,普通,デイ
2023/10/31,飯塚,令和５年度飯塚市営　飯塚ミッドナイト　１０／３０～,普通,ミッドナイト
2023/11/1,浜松,ＳＧ日本選手権オートレース,普通,デイ
2023/11/1,飯塚,令和５年度飯塚市営　飯塚ミッドナイト　１０／３０～,普通,ミッドナイト
2023/11/2,伊勢崎,令和５年度伊勢崎市営　伊勢崎アフター５　１１／２～,普通,ナイター
2023/11/2,浜松,ＳＧ日本選手権オートレース,普通,デイ
2023/11/3,伊勢崎,令和５年度伊勢崎市営　伊勢崎アフター５　１１／２～,普通,ナイター
2023/11/3,浜松,ＳＧ日本選手権オートレース,普通,デイ
2023/11/4,伊勢崎,令和５年度伊勢崎市営　伊勢崎アフター５　１１／２～,普通,ナイター
2023/11/4,浜松,ＳＧ日本選手権オートレース,普通,デイ
2023/11/5,浜松,ＳＧ日本選手権オートレース,普通,デイ
2023/11/5,飯塚,令和５年度飯塚市営　飯塚ミッドナイト　１１／５～,普通,ミッドナイト
2023/11/6,川口,令和５年度川口市営　普通開催　１１／６～,普通,デイ
2023/11/6,飯塚,令和５年度飯塚市営　飯塚ミッドナイト　１１／５～,普通,ミッドナイト
2023/11/7,川口,令和５年度川口市営　普通開催　１１／６～,普通,デイ
2023/11/7,飯塚,令和５年度飯塚市営　飯塚ミッドナイト　１１／５～,普通,ミッドナイト
2023/11/8,川口,令和５年度川口市営　普通開催　１１／６～,普通,デイ
2023/11/8,飯塚,令和５年度飯塚市営　飯塚ミッドナイト　１１／５～,普通,ミッドナイト
2023/11/9,浜松,令和５年度浜松市営　普通開催　１１／９～,普通,デイ
2023/11/9,飯塚,令和５年度飯塚市営　飯塚ミッドナイト　１１／５～,普通,ミッドナイト
2023/11/10,伊勢崎,令和５年度伊勢崎市営　普通開催　１１／１０～,普通,ナイター
2023/11/10,浜松,令和５年度浜松市営　普通開催　１１／９～,普通,デイ
2023/11/11,伊勢崎,令和５年度伊勢崎市営　普通開催　１１／１０～,普通,ナイター
2023/11/11,浜松,令和５年度浜松市営　普通開催　１１／９～,普通,デイ
2023/11/12,伊勢崎,令和５年度伊勢崎市営　普通開催　１１／１０～,普通,ナイター
2023/11/12,浜松,令和５年度浜松市営　普通開催　１１／９～,普通,デイ
2023/11/13,飯塚,令和５年度飯塚市営　普通開催　１１／１３～,普通,デイ
2023/11/14,川口,令和５年度川口市営　川口ナイトレース　１１／１４～,普通,ナイター
2023/11/14,飯塚,令和５年度飯塚市営　普通開催　１１／１３～,普通,デイ
2023/11/15,川口,令和５年度川口市営　川口ナイトレース　１１／１４～,普通,ナイター
2023/11/15,飯塚,令和５年度飯塚市営　普通開催　１１／１３～,普通,デイ
2023/11/16,川口,令和５年度川口市営　川口ナイトレース　１１／１４～,普通,ナイター
2023/11/16,飯塚,令和５年度飯塚市営　普通開催　１１／１３～,普通,デイ
2023/11/17,伊勢崎,令和５年度伊勢崎市営　普通開催　１１／１７～,普通,ナイター
2023/11/17,飯塚,令和５年度飯塚市営　飯塚ミッドナイト　１１／１７～,普通,ミッドナイト
2023/11/18,伊勢崎,令和５年度伊勢崎市営　普通開催　１１／１７～,普通,ナイター
2023/11/18,川口,令和５年度川口市営　普通開催　１１／１８～,普通,デイ
2023/11/18,飯塚,令和５年度飯塚市営　飯塚ミッドナイト　１１／１７～,普通,ミッドナイト
2023/11/19,伊勢崎,令和５年度伊勢崎市営　普通開催　１１／１７～,普通,ナイター
2023/11/19,川口,令和５年度川口市営　普通開催　１１／１８～,普通,デイ
2023/11/19,飯塚,令和５年度飯塚市営　飯塚ミッドナイト　１１／１７～,普通,ミッドナイト
2023/11/20,伊勢崎,令和５年度伊勢崎市営　伊勢崎アフター５　１１／２０～,普通,ナイター
2023/11/20,川口,令和５年度川口市営　普通開催　１１／１８～,普通,デイ
2023/11/21,伊勢崎,令和５年度伊勢崎市営　伊勢崎アフター５　１１／２０～,普通,ナイター
2023/11/21,川口,令和５年度川口市営　普通開催　１１／１８～,普通,デイ
2023/11/22,伊勢崎,令和５年度伊勢崎市営　伊勢崎アフター５　１１／２０～,普通,ナイター
2023/11/22,飯塚,ＧⅠ開設記念レース,GI,デイ
2023/11/23,川口,令和５年度川口市営　川口ナイトレース　１１／２３～,普通,ナイター
2023/11/23,飯塚,ＧⅠ開設記念レース,GI,デイ
2023/11/24,川口,令和５年度川口市営　川口ナイトレース　１１／２３～,普通,ナイター
2023/11/24,飯塚,ＧⅠ開設記念レース,GI,デイ
2023/11/25,川口,令和５年度川口市営　川口ナイトレース　１１／２３～,普通,ナイター
2023/11/25,飯塚,ＧⅠ開設記念レース,GI,デイ
2023/11/26,川口,令和５年度川口市営　川口ナイトレース　１１／２３～,普通,ナイター
2023/11/26,飯塚,ＧⅠ開設記念レース,GI,デイ
2023/11/27,伊勢崎,令和５年度伊勢崎市営　伊勢崎アフター５　１１／２７～,普通,ナイター
2023/11/28,伊勢崎,令和５年度伊勢崎市営　伊勢崎アフター５　１１／２７～,普通,ナイター
2023/11/28,浜松,令和５年度浜松市営　普通開催　１１／２８～,普通,デイ
2023/11/29,伊勢崎,令和５年度伊勢崎市営　伊勢崎アフター５　１１／２７～,普通,ナイター
2023/11/29,浜松,令和５年度浜松市営　普通開催　１１／２８～,普通,デイ
2023/11/30,伊勢崎,令和５年度伊勢崎市営　伊勢崎アフター５　１１／２７～,普通,ナイター
2023/11/30,浜松,令和５年度浜松市営　普通開催　１１／２８～,普通,デイ
2023/12/1,山陽,令和５年度山陽小野田市営　普通開催　１２／１～,普通,ナイター
2023/12/2,山陽,令和５年度山陽小野田市営　普通開催　１２／１～,普通,ナイター
2023/12/2,浜松,令和５年度浜松市営　普通開催　１２／２～,普通,デイ
2023/12/3,山陽,令和５年度山陽小野田市営　普通開催　１２／１～,普通,ナイター
2023/12/3,浜松,令和５年度浜松市営　普通開催　１２／２～,普通,デイ
2023/12/4,山陽,令和５年度山陽小野田市営　山陽ミッドナイト　１２／４～,普通,ミッドナイト
2023/12/4,浜松,令和５年度浜松市営　普通開催　１２／２～,普通,デイ
2023/12/5,山陽,令和５年度山陽小野田市営　山陽ミッドナイト　１２／４～,普通,ミッドナイト
2023/12/5,浜松,令和５年度浜松市営　普通開催　１２／２～,普通,デイ
2023/12/6,伊勢崎,ＧⅡレジェンドカップ,GII,デイ
2023/12/6,山陽,令和５年度山陽小野田市営　山陽ミッドナイト　１２／４～,普通,ミッドナイト
2023/12/7,伊勢崎,ＧⅡレジェンドカップ,GII,デイ
2023/12/7,飯塚,令和５年度飯塚市営　飯塚ミッドナイト　１２／７～,普通,ミッドナイト
2023/12/8,伊勢崎,ＧⅡレジェンドカップ,GII,デイ
2023/12/8,飯塚,令和５年度飯塚市営　飯塚ミッドナイト　１２／７～,普通,ミッドナイト
2023/12/9,伊勢崎,ＧⅡレジェンドカップ,GII,デイ
2023/12/9,飯塚,令和５年度飯塚市営　飯塚ミッドナイト　１２／７～,普通,ミッドナイト
2023/12/10,伊勢崎,ＧⅡレジェンドカップ,GII,デイ
2023/12/10,山陽,令和５年度浜松市営　山陽ミッドナイト　１２／１０～,普通,ミッドナイト
2023/12/11,山陽,令和５年度浜松市営　山陽ミッドナイト　１２／１０～,普通,ミッドナイト
2023/12/11,川口,令和５年度川口市営　普通開催　１２／１１～,普通,デイ
2023/12/12,山陽,令和５年度浜松市営　山陽ミッドナイト　１２／１０～,普通,ミッドナイト
2023/12/12,川口,令和５年度川口市営　普通開催　１２／１１～,普通,デイ
2023/12/13,山陽,令和５年度浜松市営　山陽ミッドナイト　１２／１０～,普通,ミッドナイト
2023/12/13,川口,令和５年度川口市営　普通開催　１２／１１～,普通,デイ
2023/12/14,川口,令和５年度川口市営　普通開催　１２／１１～,普通,デイ
2023/12/14,飯塚,令和５年度飯塚市営　飯塚ミッドナイト　１２／１４～,普通,ミッドナイト
2023/12/15,川口,令和５年度川口市営　普通開催　１２／１１～,普通,デイ
2023/12/15,飯塚,令和５年度飯塚市営　飯塚ミッドナイト　１２／１４～,普通,ミッドナイト
2023/12/16,山陽,ＧⅠスピード王決定戦,GI,デイ
2023/12/16,飯塚,令和５年度飯塚市営　飯塚ミッドナイト　１２／１４～,普通,ミッドナイト
2023/12/17,伊勢崎,令和５年度伊勢崎市営　伊勢崎アフター５　１２／１７～,普通,ナイター
2023/12/17,山陽,ＧⅠスピード王決定戦,GI,デイ
2023/12/18,伊勢崎,令和５年度伊勢崎市営　伊勢崎アフター５　１２／１７～,普通,ナイター
2023/12/18,山陽,ＧⅠスピード王決定戦,GI,デイ
2023/12/19,伊勢崎,令和５年度伊勢崎市営　伊勢崎アフター５　１２／１７～,普通,ナイター
2023/12/19,山陽,ＧⅠスピード王決定戦,GI,デイ
2023/12/20,伊勢崎,令和５年度伊勢崎市営　伊勢崎アフター５　１２／１７～,普通,ナイター
2023/12/20,山陽,ＧⅠスピード王決定戦,GI,デイ
2023/12/21,伊勢崎,令和５年度伊勢崎市営　伊勢崎アフター５　１２／１７～,普通,ナイター
2023/12/22,山陽,令和５年度山陽小野田市営　山陽ミッドナイト　１２／２２～,普通,ミッドナイト
2023/12/22,飯塚,令和５年度飯塚市営　普通開催　１２／２２～,普通,ナイター
2023/12/23,伊勢崎,令和５年度伊勢崎市営　普通開催　１２／２３～,普通,デイ
2023/12/23,山陽,令和５年度山陽小野田市営　山陽ミッドナイト　１２／２２～,普通,ミッドナイト
2023/12/23,飯塚,令和５年度飯塚市営　普通開催　１２／２２～,普通,ナイター
2023/12/24,伊勢崎,令和５年度伊勢崎市営　普通開催　１２／２３～,普通,デイ
2023/12/24,山陽,令和５年度山陽小野田市営　山陽ミッドナイト　１２／２２～,普通,ミッドナイト
2023/12/24,飯塚,令和５年度飯塚市営　普通開催　１２／２２～,普通,ナイター
2023/12/25,伊勢崎,令和５年度伊勢崎市営　普通開催　１２／２３～,普通,デイ
2023/12/25,山陽,令和５年度山陽小野田市営　山陽ミッドナイト　１２／２２～,普通,ミッドナイト
2023/12/26,山陽,令和５年度山陽小野田市営　山陽ミッドナイト　１２／２２～,普通,ミッドナイト
2023/12/27,川口,スーパースターフェスタ,普通,デイ
2023/12/27,飯塚,令和５年度飯塚市営　飯塚ミッドナイト　１２／２７～,普通,ミッドナイト
2023/12/28,川口,スーパースターフェスタ,普通,デイ
2023/12/28,飯塚,令和５年度飯塚市営　飯塚ミッドナイト　１２／２７～,普通,ミッドナイト
2023/12/29,川口,スーパースターフェスタ,普通,デイ
2023/12/29,飯塚,令和５年度飯塚市営　飯塚ミッドナイト　１２／２７～,普通,ミッドナイト
2023/12/30,川口,スーパースターフェスタ,普通,デイ
2023/12/30,飯塚,令和５年度飯塚市営　飯塚ミッドナイト　１２／２７～,普通,ミッドナイト
2023/12/31,川口,スーパースターフェスタ,普通,デイ
2023/12/31,飯塚,令和５年度飯塚市営　飯塚ミッドナイト　１２／２７～,普通,ミッドナイト
2024/1/1,山陽,令和５年度山陽小野田市営　山陽ミッドナイト　１／１～,普通,ミッドナイト
2024/1/1,浜松,令和５年度浜松市営　普通開催　１／１～,普通,デイ
2024/1/2,山陽,令和５年度山陽小野田市営　山陽ミッドナイト　１／１～,普通,ミッドナイト
2024/1/2,川口,令和５年度川口市営　普通開催　１／２～,普通,デイ
2024/1/2,浜松,令和５年度浜松市営　普通開催　１／１～,普通,デイ
2024/1/3,山陽,令和５年度山陽小野田市営　山陽ミッドナイト　１／１～,普通,ミッドナイト
2024/1/3,川口,令和５年度川口市営　普通開催　１／２～,普通,デイ
2024/1/3,浜松,令和５年度浜松市営　普通開催　１／１～,普通,デイ
2024/1/4,山陽,令和５年度山陽小野田市営　山陽ミッドナイト　１／１～,普通,ミッドナイト
2024/1/4,川口,令和５年度川口市営　普通開催　１／２～,普通,デイ
2024/1/4,浜松,令和５年度浜松市営　普通開催　１／１～,普通,デイ
2024/1/5,山陽,令和５年度山陽小野田市営　山陽ミッドナイト　１／１～,普通,ミッドナイト
2024/1/5,川口,令和５年度川口市営　普通開催　１／２～,普通,デイ
2024/1/6,伊勢崎,ＧⅠ開場記念シルクカップ,GI,デイ
2024/1/6,飯塚,令和５年度飯塚市営　飯塚ミッドナイト　１／６～,普通,ミッドナイト
2024/1/7,伊勢崎,ＧⅠ開場記念シルクカップ,GI,デイ
2024/1/7,飯塚,令和５年度飯塚市営　飯塚ミッドナイト　１／６～,普通,ミッドナイト
2024/1/8,伊勢崎,ＧⅠ開場記念シルクカップ,GI,デイ
2024/1/8,飯塚,令和５年度飯塚市営　飯塚ミッドナイト　１／６～,普通,ミッドナイト
2024/1/9,伊勢崎,ＧⅠ開場記念シルクカップ,GI,デイ
2024/1/9,飯塚,令和５年度飯塚市営　飯塚ミッドナイト　１／６～,普通,ミッドナイト
2024/1/10,伊勢崎,ＧⅠ開場記念シルクカップ,GI,デイ
2024/1/10,山陽,令和５年度山陽小野田市営　山陽ミッドナイト　１／１０～,普通,ミッドナイト
2024/1/11,山陽,令和５年度山陽小野田市営　山陽ミッドナイト　１／１０～,普通,ミッドナイト
2024/1/12,山陽,令和５年度山陽小野田市営　山陽ミッドナイト　１／１０～,普通,ミッドナイト
2024/1/12,川口,令和５年度川口市営　普通開催　１／１２～,普通,デイ
2024/1/13,山陽,令和５年度山陽小野田市営　山陽ミッドナイト　１／１０～,普通,ミッドナイト
2024/1/13,川口,令和５年度川口市営　普通開催　１／１２～,普通,デイ
2024/1/13,飯塚,令和５年度飯塚市営　普通開催　１／１３～,普通,ナイター
2024/1/14,山陽,令和５年度山陽小野田市営　山陽ミッドナイト　１／１０～,普通,ミッドナイト
2024/1/14,川口,令和５年度川口市営　普通開催　１／１２～,普通,デイ
2024/1/14,飯塚,令和５年度飯塚市営　普通開催　１／１３～,普通,ナイター
2024/1/15,浜松,令和５年度浜松市営　普通開催　１／１５～,普通,デイ
2024/1/15,飯塚,令和５年度飯塚市営　普通開催　１／１３～,普通,ナイター
2024/1/16,浜松,令和５年度浜松市営　普通開催　１／１５～,普通,デイ
2024/1/16,飯塚,令和５年度飯塚市営　飯塚ミッドナイト　１／１６～,普通,ミッドナイト
2024/1/17,山陽,令和５年度山陽小野田市営　普通開催　１／１７～,普通,ナイター
2024/1/17,浜松,令和５年度浜松市営　普通開催　１／１５～,普通,デイ
2024/1/17,飯塚,令和５年度飯塚市営　飯塚ミッドナイト　１／１６～,普通,ミッドナイト
2024/1/18,山陽,令和５年度山陽小野田市営　普通開催　１／１７～,普通,ナイター
2024/1/18,飯塚,令和５年度飯塚市営　飯塚ミッドナイト　１／１６～,普通,ミッドナイト
2024/1/19,山陽,令和５年度山陽小野田市営　普通開催　１／１７～,普通,ナイター
2024/1/20,山陽,令和５年度山陽小野田市営　山陽ミッドナイト　１／２０～,普通,ミッドナイト
2024/1/20,浜松,ＧⅠスピード王決定戦,GI,デイ
2024/1/21,山陽,令和５年度山陽小野田市営　山陽ミッドナイト　１／２０～,普通,ミッドナイト
2024/1/21,浜松,ＧⅠスピード王決定戦,GI,デイ
2024/1/22,山陽,令和５年度山陽小野田市営　山陽ミッドナイト　１／２０～,普通,ミッドナイト
2024/1/22,浜松,ＧⅠスピード王決定戦,GI,デイ
2024/1/23,浜松,ＧⅠスピード王決定戦,GI,デイ
2024/1/23,飯塚,令和５年度飯塚市営　飯塚ミッドナイト　１／２３～,普通,ミッドナイト
2024/1/24,浜松,ＧⅠスピード王決定戦,GI,デイ
2024/1/24,飯塚,令和５年度飯塚市営　飯塚ミッドナイト　１／２３～,普通,ミッドナイト
2024/1/25,伊勢崎,令和５年度伊勢崎市営　普通開催　１／２５～,普通,デイ
2024/1/25,飯塚,令和５年度飯塚市営　飯塚ミッドナイト　１／２３～,普通,ミッドナイト
2024/1/26,伊勢崎,令和５年度伊勢崎市営　普通開催　１／２５～,普通,デイ
2024/1/26,山陽,令和５年度山陽小野田市営　普通開催　１／２６～,普通,ナイター
2024/1/27,伊勢崎,令和５年度伊勢崎市営　普通開催　１／２５～,普通,デイ
2024/1/27,山陽,令和５年度山陽小野田市営　普通開催　１／２６～,普通,ナイター
2024/1/28,伊勢崎,令和５年度伊勢崎市営　普通開催　１／２５～,普通,デイ
2024/1/28,山陽,令和５年度山陽小野田市営　普通開催　１／２６～,普通,ナイター
2024/1/29,川口,令和５年度川口市営　川口ナイトレース　１／２９～,普通,ナイター
2024/1/29,飯塚,令和５年度飯塚市営　普通開催　１／２９～,普通,デイ
2024/1/30,川口,令和５年度川口市営　川口ナイトレース　１／２９～,普通,ナイター
2024/1/30,飯塚,令和５年度飯塚市営　普通開催　１／２９～,普通,デイ
2024/1/31,川口,令和５年度川口市営　川口ナイトレース　１／２９～,普通,ナイター
2024/1/31,飯塚,令和５年度飯塚市営　普通開催　１／２９～,普通,デイ
2024/2/1,川口,令和５年度川口市営　川口ナイトレース　１／２９～,普通,ナイター
2024/2/2,伊勢崎,令和５年度伊勢崎市営　普通開催　２／２～,普通,デイ
2024/2/2,山陽,令和５年度山陽小野田市営　普通開催　２／２～,普通,ナイター
2024/2/3,伊勢崎,令和５年度伊勢崎市営　普通開催　２／２～,普通,デイ
2024/2/3,山陽,令和５年度山陽小野田市営　普通開催　２／２～,普通,ナイター
2024/2/4,伊勢崎,令和５年度伊勢崎市営　普通開催　２／２～,普通,デイ
2024/2/4,山陽,令和５年度山陽小野田市営　普通開催　２／２～,普通,ナイター
2024/2/5,川口,令和５年度川口市営　普通開催　２／５～,普通,デイ
2024/2/5,川口2,令和５年度川口市営　川口ナイトレース　２／５～,普通,ナイター
2024/2/6,川口,令和５年度川口市営　普通開催　２／５～,普通,デイ
2024/2/6,川口2,令和５年度川口市営　川口ナイトレース　２／５～,普通,ナイター
2024/2/7,川口,令和５年度川口市営　普通開催　２／５～,普通,デイ
2024/2/7,川口2,令和５年度川口市営　川口ナイトレース　２／５～,普通,ナイター
2024/2/8,山陽,ＧⅡ若獅子杯争奪戦,GII,デイ
2024/2/9,山陽,ＧⅡ若獅子杯争奪戦,GII,デイ
2024/2/10,山陽,ＧⅡ若獅子杯争奪戦,GII,デイ
2024/2/10,飯塚,令和５年度飯塚市営　飯塚ミッドナイト　２／１０～,普通,ミッドナイト
2024/2/11,山陽,ＧⅡ若獅子杯争奪戦,GII,デイ
2024/2/11,飯塚,令和５年度飯塚市営　飯塚ミッドナイト　２／１０～,普通,ミッドナイト
2024/2/12,山陽,ＧⅡ若獅子杯争奪戦,GII,デイ
2024/2/12,飯塚,令和５年度飯塚市営　飯塚ミッドナイト　２／１０～,普通,ミッドナイト
2024/2/13,伊勢崎,令和５年度伊勢崎市営　普通開催　２／１３～,普通,デイ
2024/2/13,飯塚,令和５年度飯塚市営　飯塚ミッドナイト　２／１０～,普通,ミッドナイト
2024/2/14,伊勢崎,令和５年度伊勢崎市営　普通開催　２／１３～,普通,デイ
2024/2/15,伊勢崎,令和５年度伊勢崎市営　普通開催　２／１３～,普通,デイ
2024/2/15,山陽,令和５年度山陽小野田市営　山陽ミッドナイト　２／１５～,普通,ミッドナイト
2024/2/16,山陽,令和５年度山陽小野田市営　山陽ミッドナイト　２／１５～,普通,ミッドナイト
2024/2/16,浜松,令和５年度浜松市営　普通開催　２／１６～,普通,デイ
2024/2/17,山陽,令和５年度山陽小野田市営　山陽ミッドナイト　２／１５～,普通,ミッドナイト
2024/2/17,浜松,令和５年度浜松市営　普通開催　２／１６～,普通,デイ
2024/2/17,飯塚,令和５年度飯塚市営　普通開催　２／１７～,普通,ナイター
2024/2/18,山陽,令和５年度山陽小野田市営　山陽ミッドナイト　２／１５～,普通,ミッドナイト
2024/2/18,浜松,令和５年度浜松市営　普通開催　２／１６～,普通,デイ
2024/2/18,飯塚,令和５年度飯塚市営　普通開催　２／１７～,普通,ナイター
2024/2/19,山陽,令和５年度山陽小野田市営　山陽ミッドナイト　２／１５～,普通,ミッドナイト
2024/2/19,飯塚,令和５年度飯塚市営　普通開催　２／１７～,普通,ナイター
2024/2/20,川口,ＳＧ全日本選抜オートレース,普通,デイ
2024/2/20,飯塚,令和５年度飯塚市営　飯塚ミッドナイト　２／２０～,普通,ミッドナイト
2024/2/21,川口,ＳＧ全日本選抜オートレース,普通,デイ
2024/2/21,飯塚,令和５年度飯塚市営　飯塚ミッドナイト　２／２０～,普通,ミッドナイト
2024/2/22,川口,ＳＧ全日本選抜オートレース,普通,デイ
2024/2/22,飯塚,令和５年度飯塚市営　飯塚ミッドナイト　２／２０～,普通,ミッドナイト
2024/2/23,山陽,令和５年度山陽小野田市営　山陽ミッドナイト　２／２３～,普通,ミッドナイト
2024/2/23,川口,ＳＧ全日本選抜オートレース,普通,デイ
2024/2/24,山陽,令和５年度山陽小野田市営　山陽ミッドナイト　２／２３～,普通,ミッドナイト
2024/2/24,川口,ＳＧ全日本選抜オートレース,普通,デイ
2024/2/25,山陽,令和５年度山陽小野田市営　山陽ミッドナイト　２／２３～,普通,ミッドナイト
2024/2/25,川口,ＳＧ全日本選抜オートレース,普通,デイ
2024/2/26,伊勢崎,令和５年度伊勢崎市営　普通開催　２／２６～,普通,デイ
2024/2/27,伊勢崎,令和５年度伊勢崎市営　普通開催　２／２６～,普通,デイ
2024/2/28,伊勢崎,令和５年度伊勢崎市営　普通開催　２／２６～,普通,デイ
2024/2/28,山陽,ＧⅡミッドナイトチャンピオンカップ,GII,ミッドナイト
2024/2/29,山陽,ＧⅡミッドナイトチャンピオンカップ,GII,ミッドナイト
2024/2/29,川口,令和５年度川口市営　普通開催　２／２９～,普通,デイ
2024/3/1,山陽,ＧⅡミッドナイトチャンピオンカップ,GII,ミッドナイト
2024/3/1,川口,令和５年度川口市営　普通開催　２／２９～,普通,デイ
2024/3/2,山陽,ＧⅡミッドナイトチャンピオンカップ,GII,ミッドナイト
2024/3/2,川口,令和５年度川口市営　普通開催　２／２９～,普通,デイ
2024/3/3,山陽,ＧⅡミッドナイトチャンピオンカップ,GII,ミッドナイト
2024/3/3,浜松,令和５年度浜松市営　普通開催　３／３～,普通,デイ
2024/3/4,浜松,令和５年度浜松市営　普通開催　３／３～,普通,デイ
2024/3/4,飯塚,令和５年度飯塚市営　飯塚ミッドナイト　３／４～,普通,ミッドナイト
2024/3/5,浜松,令和５年度浜松市営　普通開催　３／３～,普通,デイ
2024/3/5,飯塚,令和５年度飯塚市営　飯塚ミッドナイト　３／４～,普通,ミッドナイト
2024/3/6,川口,ＧⅠ開設記念グランプリレース,GI,デイ
2024/3/6,飯塚,令和５年度飯塚市営　飯塚ミッドナイト　３／４～,普通,ミッドナイト
2024/3/7,山陽,令和５年度浜松市営　山陽ミッドナイト　３／７～,普通,ミッドナイト
2024/3/7,川口,ＧⅠ開設記念グランプリレース,GI,デイ
2024/3/8,山陽,令和５年度浜松市営　山陽ミッドナイト　３／７～,普通,ミッドナイト
2024/3/8,川口,ＧⅠ開設記念グランプリレース,GI,デイ
2024/3/9,山陽,令和５年度浜松市営　山陽ミッドナイト　３／７～,普通,ミッドナイト
2024/3/9,川口,ＧⅠ開設記念グランプリレース,GI,デイ
2024/3/10,山陽,令和５年度浜松市営　山陽ミッドナイト　３／７～,普通,ミッドナイト
2024/3/10,川口,ＧⅠ開設記念グランプリレース,GI,デイ
2024/3/11,伊勢崎,令和５年度伊勢崎市営　普通開催　３／１１～,普通,デイ
2024/3/11,飯塚,令和５年度飯塚市営　飯塚ミッドナイト　３／１１～,普通,ミッドナイト
2024/3/12,伊勢崎,令和５年度伊勢崎市営　普通開催　３／１１～,普通,デイ
2024/3/12,飯塚,令和５年度飯塚市営　飯塚ミッドナイト　３／１１～,普通,ミッドナイト
2024/3/13,伊勢崎,令和５年度伊勢崎市営　普通開催　３／１１～,普通,デイ
2024/3/13,飯塚,令和５年度飯塚市営　飯塚ミッドナイト　３／１１～,普通,ミッドナイト
2024/3/14,山陽,令和５年度山陽小野田市営　山陽ミッドナイト　３／１４～,普通,ミッドナイト
2024/3/14,浜松,令和５年度浜松市営　普通開催　３／１４～,普通,デイ
2024/3/15,山陽,令和５年度山陽小野田市営　山陽ミッドナイト　３／１４～,普通,ミッドナイト
2024/3/15,浜松,令和５年度浜松市営　普通開催　３／１４～,普通,デイ
2024/3/16,山陽,令和５年度山陽小野田市営　山陽ミッドナイト　３／１４～,普通,ミッドナイト
2024/3/16,浜松,令和５年度浜松市営　普通開催　３／１４～,普通,デイ
2024/3/17,川口,令和５年度川口市営　普通開催　３／１７～,普通,デイ
2024/3/17,川口2,令和５年度川口市営　ナイトレース　３／１７～,普通,ナイター
2024/3/18,川口,令和５年度川口市営　普通開催　３／１７～,普通,デイ
2024/3/18,川口2,令和５年度川口市営　ナイトレース　３／１７～,普通,ナイター
2024/3/19,川口,令和５年度川口市営　普通開催　３／１７～,普通,デイ
2024/3/19,川口2,令和５年度川口市営　ナイトレース　３／１７～,普通,ナイター
2024/3/20,山陽,特別ＧⅠ共同通信社杯プレミアムカップ,GI,デイ
2024/3/20,飯塚,令和５年度飯塚市営　飯塚ミッドナイト　３／２０～,普通,ミッドナイト
2024/3/21,山陽,特別ＧⅠ共同通信社杯プレミアムカップ,GI,デイ
2024/3/21,飯塚,令和５年度飯塚市営　飯塚ミッドナイト　３／２０～,普通,ミッドナイト
2024/3/22,山陽,特別ＧⅠ共同通信社杯プレミアムカップ,GI,デイ
2024/3/22,飯塚,令和５年度飯塚市営　飯塚ミッドナイト　３／２０～,普通,ミッドナイト
2024/3/23,山陽,特別ＧⅠ共同通信社杯プレミアムカップ,GI,デイ
2024/3/23,飯塚,令和５年度飯塚市営　飯塚ミッドナイト　３／２０～,普通,ミッドナイト
2024/3/24,伊勢崎,令和５年度伊勢崎市営　伊勢崎アフター５　３／２４～,普通,ナイター
2024/3/24,山陽,特別ＧⅠ共同通信社杯プレミアムカップ,GI,デイ
2024/3/25,伊勢崎,令和５年度伊勢崎市営　伊勢崎アフター５　３／２４～,普通,ナイター
2024/3/25,浜松,令和５年度浜松市営　普通開催　３／２５～,普通,デイ
2024/3/26,伊勢崎,令和５年度伊勢崎市営　伊勢崎アフター５　３／２４～,普通,ナイター
2024/3/26,浜松,令和５年度浜松市営　普通開催　３／２５～,普通,デイ
2024/3/27,山陽,令和５年度山陽小野田市営　山陽ミッドナイト　３／２７～,普通,ミッドナイト
2024/3/27,浜松,令和５年度浜松市営　普通開催　３／２５～,普通,デイ
2024/3/28,山陽,令和５年度山陽小野田市営　山陽ミッドナイト　３／２７～,普通,ミッドナイト
2024/3/28,浜松,令和５年度浜松市営　普通開催　３／２５～,普通,デイ
2024/3/29,山陽,令和５年度山陽小野田市営　山陽ミッドナイト　３／２７～,普通,ミッドナイト
2024/3/29,飯塚,令和５年度飯塚市営　普通開催　３／２９～,普通,デイ
2024/3/30,山陽,令和５年度山陽小野田市営　山陽ミッドナイト　３／２７～,普通,ミッドナイト
2024/3/30,飯塚,令和５年度飯塚市営　普通開催　３／２９～,普通,デイ
2024/3/31,飯塚,令和５年度飯塚市営　普通開催　３／２９～,普通,デイ
2024/4/1,山陽,令和６年度山陽小野田市営　山陽ミッドナイト　４／１～,普通,ミッドナイト
2024/4/1,浜松,令和６年度浜松市営　普通開催　４／１～,普通,デイ
2024/4/2,山陽,令和６年度山陽小野田市営　山陽ミッドナイト　４／１～,普通,ミッドナイト
2024/4/2,浜松,令和６年度浜松市営　普通開催　４／１～,普通,デイ
2024/4/3,山陽,令和６年度山陽小野田市営　山陽ミッドナイト　４／１～,普通,ミッドナイト
2024/4/3,浜松,令和６年度浜松市営　普通開催　４／１～,普通,デイ
2024/4/4,伊勢崎,令和６年度伊勢崎市営　普通開催　４／４～,普通,ナイター
2024/4/5,伊勢崎,令和６年度伊勢崎市営　普通開催　４／４～,普通,ナイター
2024/4/5,川口,令和６年度川口市営　普通開催　４／５～,普通,デイ
2024/4/6,伊勢崎,令和６年度伊勢崎市営　普通開催　４／４～,普通,ナイター
2024/4/6,川口,令和６年度川口市営　普通開催　４／５～,普通,デイ
2024/4/7,川口,令和６年度川口市営　普通開催　４／５～,普通,デイ
2024/4/7,飯塚,令和６年度飯塚市営　普通開催　４／７～,普通,ナイター
2024/4/8,川口,令和６年度川口市営　普通開催　４／５～,普通,デイ
2024/4/8,飯塚,令和６年度飯塚市営　普通開催　４／７～,普通,ナイター
2024/4/9,川口,令和６年度川口市営　普通開催　４／５～,普通,デイ
2024/4/9,飯塚,令和６年度飯塚市営　普通開催　４／７～,普通,ナイター
2024/4/10,山陽,ＧⅠ令和グランドチャンピオンカップ,GI,デイ
2024/4/10,飯塚,令和６年度飯塚市営　飯塚ミッドナイト　４／１０～,普通,ミッドナイト
2024/4/11,山陽,ＧⅠ令和グランドチャンピオンカップ,GI,デイ
2024/4/11,飯塚,令和６年度飯塚市営　飯塚ミッドナイト　４／１０～,普通,ミッドナイト
2024/4/12,山陽,ＧⅠ令和グランドチャンピオンカップ,GI,デイ
2024/4/12,飯塚,令和６年度飯塚市営　飯塚ミッドナイト　４／１０～,普通,ミッドナイト
2024/4/13,山陽,ＧⅠ令和グランドチャンピオンカップ,GI,デイ
2024/4/13,川口,令和６年度川口市営　川口ナイトレース　４／１３～,普通,ナイター
2024/4/14,山陽,ＧⅠ令和グランドチャンピオンカップ,GI,デイ
2024/4/14,川口,令和６年度川口市営　川口ナイトレース　４／１３～,普通,ナイター
2024/4/15,川口,令和６年度川口市営　川口ナイトレース　４／１３～,普通,ナイター
2024/4/15,浜松,令和６年度浜松市営　普通開催　４／１５～,普通,デイ
2024/4/16,川口,令和６年度川口市営　川口ナイトレース　４／１３～,普通,ナイター
2024/4/16,浜松,令和６年度浜松市営　普通開催　４／１５～,普通,デイ
2024/4/17,浜松,令和６年度浜松市営　普通開催　４／１５～,普通,デイ
2024/4/17,飯塚,令和６年度飯塚市営　普通開催　４／１７～,普通,ナイター
2024/4/18,浜松,令和６年度浜松市営　普通開催　４／１５～,普通,デイ
2024/4/18,飯塚,令和６年度飯塚市営　普通開催　４／１７～,普通,ナイター
2024/4/19,川口,令和６年度川口市営　普通開催　４／１９～,普通,デイ
2024/4/19,飯塚,令和６年度飯塚市営　普通開催　４／１７～,普通,ナイター
2024/4/20,川口,令和６年度川口市営　普通開催　４／１９～,普通,デイ
2024/4/20,飯塚,令和６年度飯塚市営　普通開催　４／１７～,普通,ナイター
2024/4/21,伊勢崎,令和６年度伊勢崎市営　普通開催　４／２１～,普通,ナイター
2024/4/21,川口,令和６年度川口市営　普通開催　４／１９～,普通,デイ
2024/4/22,伊勢崎,令和６年度伊勢崎市営　普通開催　４／２１～,普通,ナイター
2024/4/22,山陽,令和６年度山陽小野田市営　山陽ミッドナイト　４／２２～,普通,ミッドナイト
2024/4/22,川口,令和６年度川口市営　普通開催　４／１９～,普通,デイ
2024/4/23,伊勢崎,令和６年度伊勢崎市営　普通開催　４／２１～,普通,ナイター
2024/4/23,山陽,令和６年度山陽小野田市営　山陽ミッドナイト　４／２２～,普通,ミッドナイト
2024/4/24,山陽,令和６年度山陽小野田市営　山陽ミッドナイト　４／２２～,普通,ミッドナイト
2024/4/24,飯塚,ＳＧオールスター・オートレース,普通,ナイター
2024/4/25,飯塚,ＳＧオールスター・オートレース,普通,ナイター
2024/4/26,浜松,令和６年度浜松市営　浜松アーリーレース　４／２６～,普通,モーニング
2024/4/26,飯塚,ＳＧオールスター・オートレース,普通,ナイター
2024/4/27,浜松,令和６年度浜松市営　浜松アーリーレース　４／２６～,普通,モーニング
2024/4/27,飯塚,ＳＧオールスター・オートレース,普通,ナイター
2024/4/28,浜松,令和６年度浜松市営　浜松アーリーレース　４／２６～,普通,モーニング
2024/4/28,飯塚,ＳＧオールスター・オートレース,普通,ナイター
2024/4/29,浜松,令和６年度浜松市営　浜松アーリーレース　４／２６～,普通,モーニング
2024/4/29,飯塚,ＳＧオールスター・オートレース,普通,ナイター
2024/4/30,伊勢崎,令和６年度伊勢崎市営　伊勢崎アフター５　４／３０～,普通,ナイター
2024/4/30,山陽,令和６年度山陽小野田市営　普通開催　４／３０～,普通,デイ
2024/5/1,伊勢崎,令和６年度伊勢崎市営　伊勢崎アフター５　４／３０～,普通,ナイター
2024/5/1,山陽,令和６年度山陽小野田市営　普通開催　４／３０～,普通,デイ
2024/5/2,伊勢崎,令和６年度伊勢崎市営　伊勢崎アフター５　４／３０～,普通,ナイター
2024/5/2,山陽,令和６年度山陽小野田市営　普通開催　４／３０～,普通,デイ
2024/5/3,伊勢崎,令和６年度伊勢崎市営　普通開催　５／３～,普通,ナイター
2024/5/3,山陽,令和６年度山陽小野田市営　山陽ミッドナイト　５／３～,普通,ミッドナイト
2024/5/3,川口,令和６年度川口市営　普通開催　５／３～,普通,デイ
2024/5/4,伊勢崎,令和６年度伊勢崎市営　普通開催　５／３～,普通,ナイター
2024/5/4,山陽,令和６年度山陽小野田市営　山陽ミッドナイト　５／３～,普通,ミッドナイト
2024/5/4,川口,令和６年度川口市営　普通開催　５／３～,普通,デイ
2024/5/5,伊勢崎,令和６年度伊勢崎市営　普通開催　５／３～,普通,ナイター
2024/5/5,山陽,令和６年度山陽小野田市営　山陽ミッドナイト　５／３～,普通,ミッドナイト
2024/5/5,川口,令和６年度川口市営　普通開催　５／３～,普通,デイ
2024/5/6,伊勢崎,令和６年度伊勢崎市営　普通開催　５／３～,普通,ナイター
2024/5/6,川口,令和６年度川口市営　普通開催　５／３～,普通,デイ
2024/5/7,川口,令和６年度川口市営　普通開催　５／３～,普通,デイ
2024/5/7,飯塚,令和６年度飯塚市営　飯塚ミッドナイト　５／７～,普通,ミッドナイト
2024/5/8,浜松,令和６年度ＧＩゴールデンレース,GI,デイ
2024/5/8,飯塚,令和６年度飯塚市営　飯塚ミッドナイト　５／７～,普通,ミッドナイト
2024/5/9,浜松,令和６年度ＧＩゴールデンレース,GI,デイ
2024/5/9,飯塚,令和６年度飯塚市営　飯塚ミッドナイト　５／７～,普通,ミッドナイト
2024/5/10,伊勢崎,令和６年度伊勢崎市営　伊勢崎アフター５　５／１０～,普通,ナイター
2024/5/10,浜松,令和６年度ＧＩゴールデンレース,GI,デイ
2024/5/11,伊勢崎,令和６年度伊勢崎市営　伊勢崎アフター５　５／１０～,普通,ナイター
2024/5/11,浜松,令和６年度ＧＩゴールデンレース,GI,デイ
2024/5/12,伊勢崎,令和６年度伊勢崎市営　伊勢崎アフター５　５／１０～,普通,ナイター
2024/5/12,浜松,令和６年度ＧＩゴールデンレース,GI,デイ
2024/5/13,伊勢崎,令和６年度伊勢崎市営　伊勢崎アフター５　５／１０～,普通,ナイター
2024/5/13,山陽,令和６年度山陽小野田市営　普通開催　５／１３～,普通,デイ
2024/5/14,山陽,令和６年度山陽小野田市営　普通開催　５／１３～,普通,デイ
2024/5/14,川口,令和６年度川口市営　普通開催　５／１４～,普通,ナイター
2024/5/15,山陽,令和６年度山陽小野田市営　普通開催　５／１３～,普通,デイ
2024/5/15,川口,令和６年度川口市営　普通開催　５／１４～,普通,ナイター
2024/5/16,山陽,令和６年度山陽小野田市営　山陽ミッドナイト　５／１６～,普通,ミッドナイト
2024/5/16,川口,令和６年度川口市営　普通開催　５／１４～,普通,ナイター
2024/5/16,浜松,令和６年度浜松市営　普通開催　５／１６～,普通,デイ
2024/5/17,山陽,令和６年度山陽小野田市営　山陽ミッドナイト　５／１６～,普通,ミッドナイト
2024/5/17,川口,令和６年度川口市営　普通開催　５／１４～,普通,ナイター
2024/5/17,浜松,令和６年度浜松市営　普通開催　５／１６～,普通,デイ
2024/5/18,山陽,令和６年度山陽小野田市営　山陽ミッドナイト　５／１６～,普通,ミッドナイト
2024/5/18,川口,令和６年度川口市営　普通開催　５／１４～,普通,ナイター
2024/5/18,浜松,令和６年度浜松市営　普通開催　５／１６～,普通,デイ
2024/5/19,浜松,令和６年度浜松市営　普通開催　５／１６～,普通,デイ
2024/5/19,飯塚,令和６年度飯塚市営　普通開催　５／１９～,普通,ナイター
2024/5/20,浜松,令和６年度浜松市営　普通開催　５／１６～,普通,デイ
2024/5/20,飯塚,令和６年度飯塚市営　普通開催　５／１９～,普通,ナイター
2024/5/21,飯塚,令和６年度飯塚市営　普通開催　５／１９～,普通,ナイター
2024/5/22,川口,ＧⅡ川口記念,GII,ナイター
2024/5/22,飯塚,令和６年度飯塚市営　飯塚ミッドナイト　５／２２～,普通,ミッドナイト
2024/5/23,川口,ＧⅡ川口記念,GII,ナイター
2024/5/23,浜松,令和６年度浜松市営　浜松アーリーレース　５／２３～,普通,モーニング
2024/5/23,飯塚,令和６年度飯塚市営　飯塚ミッドナイト　５／２２～,普通,ミッドナイト
2024/5/24,川口,ＧⅡ川口記念,GII,ナイター
2024/5/24,浜松,令和６年度浜松市営　浜松アーリーレース　５／２３～,普通,モーニング
2024/5/24,飯塚,令和６年度飯塚市営　飯塚ミッドナイト　５／２２～,普通,ミッドナイト
2024/5/25,川口,ＧⅡ川口記念,GII,ナイター
2024/5/25,浜松,令和６年度浜松市営　浜松アーリーレース　５／２３～,普通,モーニング
2024/5/26,川口,ＧⅡ川口記念,GII,ナイター
2024/5/26,浜松,令和６年度浜松市営　浜松アーリーレース　５／２３～,普通,モーニング
2024/5/27,伊勢崎,令和６年度伊勢崎市営　普通開催　５／２７～,普通,ナイター
2024/5/27,飯塚,令和６年度飯塚市営　普通開催　５／２７～,普通,デイ
2024/5/28,伊勢崎,令和６年度伊勢崎市営　普通開催　５／２７～,普通,ナイター
2024/5/28,飯塚,令和６年度飯塚市営　普通開催　５／２７～,普通,デイ
2024/5/29,伊勢崎,令和６年度伊勢崎市営　普通開催　５／２７～,普通,ナイター
2024/5/29,飯塚,令和６年度飯塚市営　普通開催　５／２７～,普通,デイ
2024/5/30,飯塚,令和６年度飯塚市営　普通開催　５／２７～,普通,デイ
2024/5/31,川口,令和６年度川口市営　普通開催　５／３１～,普通,ナイター
2024/5/31,浜松,令和６年度浜松市営　普通開催　５／３１～,普通,デイ
2024/5/31,飯塚,令和６年度飯塚市営　飯塚ミッドナイト　５／３１～,普通,ミッドナイト
2024/6/1,川口,令和６年度川口市営　普通開催　５／３１～,普通,ナイター
2024/6/1,浜松,令和６年度浜松市営　普通開催　５／３１～,普通,デイ
2024/6/1,飯塚,令和６年度飯塚市営　飯塚ミッドナイト　５／３１～,普通,ミッドナイト
2024/6/2,川口,令和６年度川口市営　普通開催　５／３１～,普通,ナイター
2024/6/2,浜松,令和６年度浜松市営　普通開催　５／３１～,普通,デイ
2024/6/2,飯塚,令和６年度飯塚市営　飯塚ミッドナイト　５／３１～,普通,ミッドナイト
2024/6/3,川口,令和６年度川口市営　普通開催　５／３１～,普通,ナイター
2024/6/3,浜松,令和６年度浜松市営　普通開催　５／３１～,普通,デイ
2024/6/4,川口,令和６年度川口市営　普通開催　５／３１～,普通,ナイター
2024/6/5,伊勢崎,ＧⅡ稲妻賞,GII,ナイター
2024/6/5,飯塚,令和６年度飯塚市営　飯塚ミッドナイト　６／５～,普通,ミッドナイト
2024/6/6,伊勢崎,ＧⅡ稲妻賞,GII,ナイター
2024/6/6,浜松,令和６年度浜松市営　浜松アーリーレース　６／６～,普通,モーニング
2024/6/6,飯塚,令和６年度飯塚市営　飯塚ミッドナイト　６／５～,普通,ミッドナイト
2024/6/7,伊勢崎,ＧⅡ稲妻賞,GII,ナイター
2024/6/7,浜松,令和６年度浜松市営　浜松アーリーレース　６／６～,普通,モーニング
2024/6/7,飯塚,令和６年度飯塚市営　飯塚ミッドナイト　６／５～,普通,ミッドナイト
2024/6/8,伊勢崎,ＧⅡ稲妻賞,GII,ナイター
2024/6/8,浜松,令和６年度浜松市営　浜松アーリーレース　６／６～,普通,モーニング
2024/6/9,伊勢崎,ＧⅡ稲妻賞,GII,ナイター
2024/6/9,浜松,令和６年度浜松市営　浜松アーリーレース　６／６～,普通,モーニング
2024/6/10,山陽,令和６年度山陽小野田市営　山陽ミッドナイト　６／１０～,普通,ミッドナイト
2024/6/10,飯塚,令和６年度飯塚市営　普通開催　６／１０～,普通,デイ
2024/6/11,山陽,令和６年度山陽小野田市営　山陽ミッドナイト　６／１０～,普通,ミッドナイト
2024/6/11,飯塚,令和６年度飯塚市営　普通開催　６／１０～,普通,デイ
2024/6/12,山陽,令和６年度山陽小野田市営　山陽ミッドナイト　６／１０～,普通,ミッドナイト
2024/6/12,飯塚,令和６年度飯塚市営　普通開催　６／１０～,普通,デイ
2024/6/13,川口,令和６年度川口市営　普通開催　６／１３～,普通,ナイター
2024/6/13,浜松,令和６年度浜松市営　浜松アーリーレース　６／１３～,普通,モーニング
2024/6/14,川口,令和６年度川口市営　普通開催　６／１３～,普通,ナイター
2024/6/14,浜松,令和６年度浜松市営　浜松アーリーレース　６／１３～,普通,モーニング
2024/6/15,川口,令和６年度川口市営　普通開催　６／１３～,普通,ナイター
2024/6/15,浜松,令和６年度浜松市営　浜松アーリーレース　６／１３～,普通,モーニング
2024/6/16,川口,令和６年度川口市営　普通開催　６／１３～,普通,ナイター
2024/6/16,飯塚,令和６年度飯塚市営　普通開催　６／１６～,普通,デイ
2024/6/17,川口,令和６年度川口市営　川口ナイトレース　６／１７～,普通,ナイター
2024/6/17,飯塚,令和６年度飯塚市営　普通開催　６／１６～,普通,デイ
2024/6/18,川口,令和６年度川口市営　川口ナイトレース　６／１７～,普通,ナイター
2024/6/18,飯塚,令和６年度飯塚市営　普通開催　６／１６～,普通,デイ
2024/6/19,川口,令和６年度川口市営　川口ナイトレース　６／１７～,普通,ナイター
2024/6/19,浜松,ＧⅡ浜松記念曳馬野賞,GII,デイ
2024/6/20,浜松,ＧⅡ浜松記念曳馬野賞,GII,デイ
2024/6/20,飯塚,令和６年度飯塚市営　飯塚ミッドナイト　６／２０～,普通,ミッドナイト
2024/6/21,浜松,ＧⅡ浜松記念曳馬野賞,GII,デイ
2024/6/21,飯塚,令和６年度飯塚市営　飯塚ミッドナイト　６／２０～,普通,ミッドナイト
2024/6/22,浜松,ＧⅡ浜松記念曳馬野賞,GII,デイ
2024/6/22,飯塚,令和６年度飯塚市営　飯塚ミッドナイト　６／２０～,普通,ミッドナイト
2024/6/23,山陽,令和６年度山陽小野田市営　山陽ミッドナイト　６／２３～,普通,ミッドナイト
2024/6/23,浜松,ＧⅡ浜松記念曳馬野賞,GII,デイ
2024/6/24,山陽,令和６年度山陽小野田市営　山陽ミッドナイト　６／２３～,普通,ミッドナイト
2024/6/24,川口,令和６年度川口市営　普通開催　６／２４～,普通,デイ
2024/6/25,山陽,令和６年度山陽小野田市営　山陽ミッドナイト　６／２３～,普通,ミッドナイト
2024/6/25,川口,令和６年度川口市営　普通開催　６／２４～,普通,デイ
2024/6/26,山陽,令和６年度山陽小野田市営　山陽ミッドナイト　６／２３～,普通,ミッドナイト
2024/6/26,川口,令和６年度川口市営　普通開催　６／２４～,普通,デイ
2024/6/27,伊勢崎,令和６年度伊勢崎市営　普通開催　６／２７～,普通,ナイター
2024/6/27,飯塚,令和６年度飯塚市営　普通開催　６／２７～　,普通,デイ
2024/6/28,伊勢崎,令和６年度伊勢崎市営　普通開催　６／２７～,普通,ナイター
2024/6/28,飯塚,令和６年度飯塚市営　普通開催　６／２７～　,普通,デイ
2024/6/29,伊勢崎,令和６年度伊勢崎市営　普通開催　６／２７～,普通,ナイター
2024/6/29,飯塚,令和６年度飯塚市営　普通開催　６／２７～　,普通,デイ
2024/6/30,伊勢崎,令和６年度伊勢崎市営　普通開催　６／２７～,普通,ナイター
2024/6/30,川口,令和６年度川口市営　普通開催　６／３０～,普通,デイ
2024/7/1,川口,令和６年度川口市営　普通開催　６／３０～,普通,デイ
2024/7/1,飯塚,ＧⅡミッドナイトチャンピオンカップ,GII,ミッドナイト
2024/7/2,川口,令和６年度川口市営　普通開催　６／３０～,普通,デイ
2024/7/2,飯塚,ＧⅡミッドナイトチャンピオンカップ,GII,ミッドナイト
2024/7/3,川口,令和６年度川口市営　普通開催　６／３０～,普通,デイ
2024/7/3,飯塚,ＧⅡミッドナイトチャンピオンカップ,GII,ミッドナイト
2024/7/4,浜松,令和６年度浜松市営　普通開催　７／４～,普通,デイ
2024/7/4,飯塚,ＧⅡミッドナイトチャンピオンカップ,GII,ミッドナイト
2024/7/5,浜松,令和６年度浜松市営　普通開催　７／４～,普通,デイ
2024/7/5,飯塚,ＧⅡミッドナイトチャンピオンカップ,GII,ミッドナイト
2024/7/6,伊勢崎,令和６年度伊勢崎市営　普通開催　７／６～,普通,ナイター
2024/7/6,山陽,令和６年度山陽小野田市営　山陽ミッドナイト　７／６～,普通,ミッドナイト
2024/7/6,浜松,令和６年度浜松市営　普通開催　７／４～,普通,デイ
2024/7/7,伊勢崎,令和６年度伊勢崎市営　普通開催　７／６～,普通,ナイター
2024/7/7,山陽,令和６年度山陽小野田市営　山陽ミッドナイト　７／６～,普通,ミッドナイト
2024/7/7,浜松,令和６年度浜松市営　普通開催　７／４～,普通,デイ
2024/7/8,伊勢崎,令和６年度伊勢崎市営　普通開催　７／６～,普通,ナイター
2024/7/8,山陽,令和６年度山陽小野田市営　山陽ミッドナイト　７／６～,普通,ミッドナイト
2024/7/8,飯塚,令和６年度飯塚市営　普通開催　７／８～,普通,デイ
2024/7/9,伊勢崎,令和６年度伊勢崎市営　普通開催　７／６～,普通,ナイター
2024/7/9,飯塚,令和６年度飯塚市営　普通開催　７／８～,普通,デイ
2024/7/10,伊勢崎,令和６年度伊勢崎市営　普通開催　７／６～,普通,ナイター
2024/7/10,飯塚,令和６年度飯塚市営　普通開催　７／８～,普通,デイ
2024/7/11,川口,ＧⅠキューポラ杯,GI,ナイター
2024/7/11,飯塚,令和６年度飯塚市営　飯塚ミッドナイト　７／１１～,普通,ミッドナイト
2024/7/12,川口,ＧⅠキューポラ杯,GI,ナイター
2024/7/12,浜松,令和６年度浜松市営　浜松アーリーレース　７／１２～,普通,モーニング
2024/7/12,飯塚,令和６年度飯塚市営　飯塚ミッドナイト　７／１１～,普通,ミッドナイト
2024/7/13,川口,ＧⅠキューポラ杯,GI,ナイター
2024/7/13,浜松,令和６年度浜松市営　浜松アーリーレース　７／１２～,普通,モーニング
2024/7/13,飯塚,令和６年度飯塚市営　飯塚ミッドナイト　７／１１～,普通,ミッドナイト
2024/7/14,川口,ＧⅠキューポラ杯,GI,ナイター
2024/7/14,浜松,令和６年度浜松市営　浜松アーリーレース　７／１２～,普通,モーニング
2024/7/15,川口,ＧⅠキューポラ杯,GI,ナイター
2024/7/15,浜松,令和６年度浜松市営　浜松アーリーレース　７／１２～,普通,モーニング
2024/7/16,山陽,令和６年度浜松市営　山陽ミッドナイト　７／１６～,普通,ミッドナイト
2024/7/16,飯塚,令和６年度飯塚市営　普通開催　７／１６～,普通,デイ
2024/7/17,山陽,令和６年度浜松市営　山陽ミッドナイト　７／１６～,普通,ミッドナイト
2024/7/17,飯塚,令和６年度飯塚市営　普通開催　７／１６～,普通,デイ
2024/7/18,山陽,令和６年度浜松市営　山陽ミッドナイト　７／１６～,普通,ミッドナイト
2024/7/18,飯塚,令和６年度飯塚市営　普通開催　７／１６～,普通,デイ
2024/7/19,山陽,令和６年度浜松市営　山陽ミッドナイト　７／１６～,普通,ミッドナイト
2024/7/19,飯塚,令和６年度飯塚市営　普通開催　７／１６～,普通,デイ
2024/7/20,伊勢崎,令和６年度伊勢崎市営　普通開催　７／２０～,普通,ナイター
2024/7/20,川口,令和６年度川口市営　普通開催　７／２０～,普通,デイ
2024/7/20,飯塚,令和６年度飯塚市営　飯塚ミッドナイト　７／２０～,普通,ミッドナイト
2024/7/21,伊勢崎,令和６年度伊勢崎市営　普通開催　７／２０～,普通,ナイター
2024/7/21,川口,令和６年度川口市営　普通開催　７／２０～,普通,デイ
2024/7/21,飯塚,令和６年度飯塚市営　飯塚ミッドナイト　７／２０～,普通,ミッドナイト
2024/7/22,伊勢崎,令和６年度伊勢崎市営　普通開催　７／２０～,普通,ナイター
2024/7/22,川口,令和６年度川口市営　普通開催　７／２０～,普通,デイ
2024/7/22,飯塚,令和６年度飯塚市営　飯塚ミッドナイト　７／２０～,普通,ミッドナイト
2024/7/23,伊勢崎,令和６年度伊勢崎市営　伊勢崎アフター５　７／２３～,普通,ナイター
2024/7/23,川口,令和６年度川口市営　普通開催　７／２０～,普通,デイ
2024/7/24,伊勢崎,令和６年度伊勢崎市営　伊勢崎アフター５　７／２３～,普通,ナイター
2024/7/24,山陽,ＧⅡ小林啓二杯,GII,デイ
2024/7/25,伊勢崎,令和６年度伊勢崎市営　伊勢崎アフター５　７／２３～,普通,ナイター
2024/7/25,山陽,ＧⅡ小林啓二杯,GII,デイ
2024/7/26,山陽,ＧⅡ小林啓二杯,GII,デイ
2024/7/26,飯塚,令和６年度飯塚市営　飯塚ミッドナイト　７／２６～,普通,ミッドナイト
2024/7/27,山陽,ＧⅡ小林啓二杯,GII,デイ
2024/7/27,飯塚,令和６年度飯塚市営　飯塚ミッドナイト　７／２６～,普通,ミッドナイト
2024/7/28,山陽,ＧⅡ小林啓二杯,GII,デイ
2024/7/28,飯塚,令和６年度飯塚市営　飯塚ミッドナイト　７／２６～,普通,ミッドナイト
2024/7/29,川口,令和６年度川口市営　普通開催　７／２９～,普通,デイ
2024/7/29,川口2,令和６年度川口市営　川口ナイトレース　７／２９～,普通,ナイター
2024/7/30,川口,令和６年度川口市営　普通開催　７／２９～,普通,デイ
2024/7/30,川口2,令和６年度川口市営　川口ナイトレース　７／２９～,普通,ナイター
2024/7/31,川口,令和６年度川口市営　普通開催　７／２９～,普通,デイ
2024/7/31,川口2,令和６年度川口市営　川口ナイトレース　７／２９～,普通,ナイター
2024/8/1,山陽,令和６年度山陽小野田市営　普通開催　８／１～,普通,デイ
2024/8/1,飯塚,令和６年度飯塚市営　普通開催　８／１～,普通,ナイター
2024/8/2,山陽,令和６年度山陽小野田市営　普通開催　８／１～,普通,デイ
2024/8/2,飯塚,令和６年度飯塚市営　普通開催　８／１～,普通,ナイター
2024/8/3,山陽,令和６年度山陽小野田市営　普通開催　８／１～,普通,デイ
2024/8/3,飯塚,令和６年度飯塚市営　普通開催　８／１～,普通,ナイター
2024/8/4,山陽,令和６年度山陽小野田市営　普通開催　８／１～,普通,デイ
2024/8/4,飯塚,令和６年度飯塚市営　普通開催　８／１～,普通,ナイター
2024/8/5,川口,令和６年度川口市営　普通開催　８／５～,普通,デイ
2024/8/5,飯塚,令和６年度飯塚市営　普通開催　８／１～,普通,ナイター
2024/8/6,山陽,令和６年度山陽小野田市営　山陽ミッドナイト　８／６～,普通,ミッドナイト
2024/8/6,川口,令和６年度川口市営　普通開催　８／５～,普通,デイ
2024/8/7,山陽,令和６年度山陽小野田市営　山陽ミッドナイト　８／６～,普通,ミッドナイト
2024/8/7,川口,令和６年度川口市営　普通開催　８／５～,普通,デイ
2024/8/8,山陽,令和６年度山陽小野田市営　山陽ミッドナイト　８／６～,普通,ミッドナイト
2024/8/8,川口,令和６年度川口市営　普通開催　８／５～,普通,デイ
2024/8/9,山陽,令和６年度山陽小野田市営　山陽ミッドナイト　８／６～,普通,ミッドナイト
2024/8/10,伊勢崎,ＳＧオートレースグランプリ,普通,ナイター
2024/8/10,飯塚,令和６年度飯塚市営　飯塚ミッドナイト　８／１０～,普通,ミッドナイト
2024/8/11,伊勢崎,ＳＧオートレースグランプリ,普通,ナイター
2024/8/11,飯塚,令和６年度飯塚市営　飯塚ミッドナイト　８／１０～,普通,ミッドナイト
2024/8/12,伊勢崎,ＳＧオートレースグランプリ,普通,ナイター
2024/8/12,飯塚,令和６年度飯塚市営　飯塚ミッドナイト　８／１０～,普通,ミッドナイト
2024/8/13,伊勢崎,ＳＧオートレースグランプリ,普通,ナイター
2024/8/13,飯塚,令和６年度飯塚市営　飯塚ミッドナイト　８／１０～,普通,ミッドナイト
2024/8/14,伊勢崎,ＳＧオートレースグランプリ,普通,ナイター
2024/8/15,伊勢崎,ＳＧオートレースグランプリ,普通,ナイター
2024/8/16,山陽,令和６年度山陽小野田市営　山陽ミッドナイト　８／１６～,普通,ミッドナイト
2024/8/16,飯塚,令和６年度飯塚市営　普通開催　８／１６～,普通,デイ
2024/8/17,山陽,令和６年度山陽小野田市営　山陽ミッドナイト　８／１６～,普通,ミッドナイト
2024/8/17,飯塚,令和６年度飯塚市営　普通開催　８／１６～,普通,デイ
2024/8/18,山陽,令和６年度山陽小野田市営　山陽ミッドナイト　８／１６～,普通,ミッドナイト
2024/8/18,飯塚,令和６年度飯塚市営　普通開催　８／１６～,普通,デイ
2024/8/19,伊勢崎,令和６年度伊勢崎市営　伊勢崎アフター５　８／１９～,普通,ナイター
2024/8/19,山陽,令和６年度山陽小野田市営　山陽ミッドナイト　８／１９～,普通,ミッドナイト
2024/8/19,飯塚,令和６年度飯塚市営　普通開催　８／１６～,普通,デイ
2024/8/20,伊勢崎,令和６年度伊勢崎市営　伊勢崎アフター５　８／１９～,普通,ナイター
2024/8/20,山陽,令和６年度山陽小野田市営　山陽ミッドナイト　８／１９～,普通,ミッドナイト
2024/8/21,伊勢崎,令和６年度伊勢崎市営　伊勢崎アフター５　８／１９～,普通,ナイター
2024/8/21,山陽,令和６年度山陽小野田市営　山陽ミッドナイト　８／１９～,普通,ミッドナイト
2024/8/22,伊勢崎,令和６年度伊勢崎市営　伊勢崎アフター５　８／１９～,普通,ナイター
2024/8/23,飯塚,ＧⅠダイヤモンドレース,GI,ナイター
2024/8/24,飯塚,ＧⅠダイヤモンドレース,GI,ナイター
2024/8/25,山陽,令和６年度山陽小野田市営　山陽ミッドナイト　８／２５～,普通,ミッドナイト
2024/8/25,飯塚,ＧⅠダイヤモンドレース,GI,ナイター
2024/8/26,山陽,令和６年度山陽小野田市営　山陽ミッドナイト　８／２５～,普通,ミッドナイト
2024/8/26,飯塚,ＧⅠダイヤモンドレース,GI,ナイター
2024/8/27,山陽,令和６年度山陽小野田市営　山陽ミッドナイト　８／２５～,普通,ミッドナイト
2024/8/27,飯塚,ＧⅠダイヤモンドレース,GI,ナイター
2024/8/28,伊勢崎,令和６年度伊勢崎市営　普通開催　８／２８～,普通,ナイター
2024/8/29,伊勢崎,令和６年度伊勢崎市営　普通開催　８／２８～,普通,ナイター
2024/8/30,伊勢崎,令和６年度伊勢崎市営　普通開催　８／２８～,普通,ナイター
2024/8/31,伊勢崎,令和６年度伊勢崎市営　普通開催　８／２８～,普通,ナイター
2024/8/31,飯塚,令和６年度飯塚市営　普通開催　８／３１～,普通,デイ
2024/9/1,山陽,令和６年度山陽小野田市営　山陽ミッドナイト　９／１～,普通,ミッドナイト
2024/9/1,飯塚,令和６年度飯塚市営　普通開催　８／３１～,普通,デイ
2024/9/2,山陽,令和６年度山陽小野田市営　山陽ミッドナイト　９／１～,普通,ミッドナイト
2024/9/2,飯塚,令和６年度飯塚市営　普通開催　８／３１～,普通,デイ
2024/9/3,山陽,令和６年度山陽小野田市営　山陽ミッドナイト　９／１～,普通,ミッドナイト
2024/9/3,飯塚,令和６年度飯塚市営　普通開催　８／３１～,普通,デイ
2024/9/4,伊勢崎,ＧⅠムーンライトチャンピオンカップ,GI,ナイター
2024/9/5,伊勢崎,ＧⅠムーンライトチャンピオンカップ,GI,ナイター
2024/9/6,伊勢崎,ＧⅠムーンライトチャンピオンカップ,GI,ナイター
2024/9/6,山陽,令和６年度山陽小野田市営　山陽ミッドナイト　９／６～,普通,ミッドナイト
2024/9/7,伊勢崎,ＧⅠムーンライトチャンピオンカップ,GI,ナイター
2024/9/7,山陽,令和６年度山陽小野田市営　山陽ミッドナイト　９／６～,普通,ミッドナイト
2024/9/8,伊勢崎,ＧⅠムーンライトチャンピオンカップ,GI,ナイター
2024/9/8,山陽,令和６年度山陽小野田市営　山陽ミッドナイト　９／６～,普通,ミッドナイト
2024/9/9,山陽,令和６年度山陽小野田市営　山陽ミッドナイト　９／６～,普通,ミッドナイト
2024/9/9,川口,令和６年度川口市営　普通開催　９／９～,普通,ナイター
2024/9/10,川口,令和６年度川口市営　普通開催　９／９～,普通,ナイター
2024/9/10,飯塚,令和６年度飯塚市営　普通開催　９／１０～,普通,デイ
2024/9/11,川口,令和６年度川口市営　普通開催　９／９～,普通,ナイター
2024/9/11,飯塚,令和６年度飯塚市営　普通開催　９／１０～,普通,デイ
2024/9/12,川口,令和６年度川口市営　普通開催　９／９～,普通,ナイター
2024/9/12,飯塚,令和６年度飯塚市営　普通開催　９／１０～,普通,デイ
2024/9/13,伊勢崎,令和６年度伊勢崎市営　普通開催　９／１３～,普通,ナイター
2024/9/13,飯塚,令和６年度飯塚市営　普通開催　９／１０～,普通,デイ
2024/9/14,伊勢崎,令和６年度伊勢崎市営　普通開催　９／１３～,普通,ナイター
2024/9/14,飯塚,令和６年度飯塚市営　普通開催　９／１０～,普通,デイ
2024/9/15,伊勢崎,令和６年度伊勢崎市営　普通開催　９／１３～,普通,ナイター
2024/9/15,川口,令和６年度川口市営　普通開催　９／１５～,普通,デイ
2024/9/16,伊勢崎,令和６年度伊勢崎市営　普通開催　９／１３～,普通,ナイター
2024/9/16,川口,令和６年度川口市営　普通開催　９／１５～,普通,デイ
2024/9/17,川口,令和６年度川口市営　普通開催　９／１５～,普通,デイ
2024/9/17,飯塚,令和６年度飯塚市営　飯塚ミッドナイト　９／１７～,普通,ミッドナイト
2024/9/18,川口,令和６年度川口市営　普通開催　９／１５～,普通,デイ
2024/9/18,飯塚,令和６年度飯塚市営　飯塚ミッドナイト　９／１７～,普通,ミッドナイト
2024/9/19,山陽,特別ＧⅠ共同通信社杯プレミアムカップ,GI,デイ
2024/9/19,飯塚,令和６年度飯塚市営　飯塚ミッドナイト　９／１７～,普通,ミッドナイト
2024/9/20,伊勢崎,令和６年度伊勢崎市営　伊勢崎アフター５　９／２０～,普通,ナイター
2024/9/20,山陽,特別ＧⅠ共同通信社杯プレミアムカップ,GI,デイ
2024/9/21,伊勢崎,令和６年度伊勢崎市営　伊勢崎アフター５　９／２０～,普通,ナイター
2024/9/21,山陽,特別ＧⅠ共同通信社杯プレミアムカップ,GI,デイ
2024/9/22,伊勢崎,令和６年度伊勢崎市営　伊勢崎アフター５　９／２０～,普通,ナイター
2024/9/22,山陽,特別ＧⅠ共同通信社杯プレミアムカップ,GI,デイ
2024/9/23,伊勢崎,令和６年度伊勢崎市営　伊勢崎アフター５　９／２０～,普通,ナイター
2024/9/23,山陽,特別ＧⅠ共同通信社杯プレミアムカップ,GI,デイ
2024/9/24,飯塚,令和６年度飯塚市営　飯塚ミッドナイト　９／２４～,普通,ミッドナイト
2024/9/25,飯塚,令和６年度飯塚市営　飯塚ミッドナイト　９／２４～,普通,ミッドナイト
2024/9/26,飯塚,令和６年度飯塚市営　飯塚ミッドナイト　９／２４～,普通,ミッドナイト
2024/9/27,伊勢崎,令和６年度伊勢崎市営　普通開催　９／２７～,普通,ナイター
2024/9/27,山陽,令和６年度山陽小野田市営　山陽ミッドナイト　９／２７～,普通,ミッドナイト
2024/9/27,川口,令和６年度川口市営　普通開催　９／２７～,普通,デイ
2024/9/28,伊勢崎,令和６年度伊勢崎市営　普通開催　９／２７～,普通,ナイター
2024/9/28,山陽,令和６年度山陽小野田市営　山陽ミッドナイト　９／２７～,普通,ミッドナイト
2024/9/28,川口,令和６年度川口市営　普通開催　９／２７～,普通,デイ
2024/9/29,伊勢崎,令和６年度伊勢崎市営　普通開催　９／２７～,普通,ナイター
2024/9/29,山陽,令和６年度山陽小野田市営　山陽ミッドナイト　９／２７～,普通,ミッドナイト
2024/9/29,川口,令和６年度川口市営　普通開催　９／２７～,普通,デイ
2024/9/30,伊勢崎,令和６年度伊勢崎市営　伊勢崎アフター５　９／３０～,普通,ナイター
2024/9/30,山陽,令和６年度山陽小野田市営　山陽ミッドナイト　９／２７～,普通,ミッドナイト
2024/9/30,川口,令和６年度川口市営　普通開催　９／２７～,普通,デイ
2024/10/1,伊勢崎,令和６年度伊勢崎市営　伊勢崎アフター５　９／３０～,普通,ナイター
2024/10/1,飯塚,令和６年度飯塚市営　普通開催　１０／１～,普通,デイ
2024/10/2,伊勢崎,令和６年度伊勢崎市営　伊勢崎アフター５　９／３０～,普通,ナイター
2024/10/2,飯塚,令和６年度飯塚市営　普通開催　１０／１～,普通,デイ
2024/10/3,山陽,令和６年度山陽小野田市営　普通開催　１０／３～,普通,ナイター
2024/10/3,飯塚,令和６年度飯塚市営　普通開催　１０／１～,普通,デイ
2024/10/4,山陽,令和６年度山陽小野田市営　普通開催　１０／３～,普通,ナイター
2024/10/4,飯塚,令和６年度飯塚市営　普通開催　１０／１～,普通,デイ
2024/10/5,山陽,令和６年度山陽小野田市営　普通開催　１０／３～,普通,ナイター
2024/10/5,飯塚,令和６年度飯塚市営　普通開催　１０／１～,普通,デイ
2024/10/6,川口,令和６年度川口市営　普通開催　１０／６～,普通,デイ
2024/10/6,川口2,令和６年度川口市営　川口ナイトレース　１０／６～,普通,ナイター
2024/10/7,川口,令和６年度川口市営　普通開催　１０／６～,普通,デイ
2024/10/7,川口2,令和６年度川口市営　川口ナイトレース　１０／６～,普通,ナイター
2024/10/8,川口,令和６年度川口市営　普通開催　１０／６～,普通,デイ
2024/10/8,川口2,令和６年度川口市営　川口ナイトレース　１０／６～,普通,ナイター
2024/10/9,飯塚,令和６年度飯塚市営　オーバーミッドナイト　１０／９～,普通,ミッドナイト
2024/10/10,山陽,ＧⅡ若獅子杯争奪戦,GII,デイ
2024/10/10,飯塚,令和６年度飯塚市営　オーバーミッドナイト　１０／９～,普通,ミッドナイト
2024/10/11,山陽,ＧⅡ若獅子杯争奪戦,GII,デイ
2024/10/11,飯塚,令和６年度飯塚市営　オーバーミッドナイト　１０／９～,普通,ミッドナイト
2024/10/12,山陽,ＧⅡ若獅子杯争奪戦,GII,デイ
2024/10/12,飯塚,令和６年度飯塚市営　オーバーミッドナイト　１０／９～,普通,ミッドナイト
2024/10/13,伊勢崎,令和６年度伊勢崎市営　伊勢崎アフター５　１０／１３～,普通,ナイター
2024/10/13,山陽,ＧⅡ若獅子杯争奪戦,GII,デイ
2024/10/14,伊勢崎,令和６年度伊勢崎市営　伊勢崎アフター５　１０／１３～,普通,ナイター
2024/10/14,山陽,ＧⅡ若獅子杯争奪戦,GII,デイ
2024/10/15,伊勢崎,令和６年度伊勢崎市営　伊勢崎アフター５　１０／１３～,普通,ナイター
2024/10/15,川口,令和６年度川口市営　普通開催　１０／１５～,普通,デイ
2024/10/16,伊勢崎,令和６年度伊勢崎市営　伊勢崎アフター５　１０／１３～,普通,ナイター
2024/10/16,川口,令和６年度川口市営　普通開催　１０／１５～,普通,デイ
2024/10/17,山陽,令和６年度浜松市営　山陽ミッドナイト　１０／１７～,普通,ミッドナイト
2024/10/17,川口,令和６年度川口市営　普通開催　１０／１５～,普通,デイ
2024/10/18,山陽,令和６年度浜松市営　山陽ミッドナイト　１０／１７～,普通,ミッドナイト
2024/10/18,飯塚,ＧⅡオーバルチャンピオンカップ,GII,デイ
2024/10/19,山陽,令和６年度浜松市営　山陽ミッドナイト　１０／１７～,普通,ミッドナイト
2024/10/19,飯塚,ＧⅡオーバルチャンピオンカップ,GII,デイ
2024/10/20,山陽,令和６年度浜松市営　山陽ミッドナイト　１０／１７～,普通,ミッドナイト
2024/10/20,飯塚,ＧⅡオーバルチャンピオンカップ,GII,デイ
2024/10/21,川口,令和６年度川口市営　川口ナイトレース　１０／２１～,普通,ナイター
2024/10/21,飯塚,ＧⅡオーバルチャンピオンカップ,GII,デイ
2024/10/22,川口,令和６年度川口市営　川口ナイトレース　１０／２１～,普通,ナイター
2024/10/22,飯塚,ＧⅡオーバルチャンピオンカップ,GII,デイ
2024/10/23,川口,令和６年度川口市営　川口ナイトレース　１０／２１～,普通,ナイター
2024/10/24,伊勢崎,令和６年度伊勢崎市営　普通開催　１０／２４～,普通,ナイター
2024/10/24,山陽,令和６年度山陽小野田市営　オーバーミッドナイト　１０／２４～,普通,ミッドナイト
2024/10/25,伊勢崎,令和６年度伊勢崎市営　普通開催　１０／２４～,普通,ナイター
2024/10/25,山陽,令和６年度山陽小野田市営　オーバーミッドナイト　１０／２４～,普通,ミッドナイト
2024/10/26,伊勢崎,令和６年度伊勢崎市営　普通開催　１０／２４～,普通,ナイター
2024/10/26,山陽,令和６年度山陽小野田市営　オーバーミッドナイト　１０／２４～,普通,ミッドナイト
2024/10/26,飯塚,令和６年度飯塚市営　普通開催　１０／２６～,普通,デイ
2024/10/27,伊勢崎,令和６年度伊勢崎市営　普通開催　１０／２４～,普通,ナイター
2024/10/27,飯塚,令和６年度飯塚市営　普通開催　１０／２６～,普通,デイ
2024/10/28,伊勢崎,令和６年度伊勢崎市営　普通開催　１０／２４～,普通,ナイター
2024/10/28,飯塚,令和６年度飯塚市営　普通開催　１０／２６～,普通,デイ
2024/10/29,飯塚,令和６年度飯塚市営　普通開催　１０／２６～,普通,デイ
2024/10/30,山陽,令和６年度山陽小野田市営　山陽ミッドナイト　１０／３０～,普通,ミッドナイト
2024/10/30,川口,ＳＧ日本選手権オートレース,普通,デイ
2024/10/31,山陽,令和６年度山陽小野田市営　山陽ミッドナイト　１０／３０～,普通,ミッドナイト
2024/10/31,川口,ＳＧ日本選手権オートレース,普通,デイ
2024/11/1,山陽,令和６年度山陽小野田市営　山陽ミッドナイト　１０／３０～,普通,ミッドナイト
2024/11/1,川口,ＳＧ日本選手権オートレース,普通,デイ
2024/11/2,山陽,令和６年度山陽小野田市営　山陽ミッドナイト　１０／３０～,普通,ミッドナイト
2024/11/2,川口,ＳＧ日本選手権オートレース,普通,デイ
2024/11/3,川口,ＳＧ日本選手権オートレース,普通,デイ
2024/11/3,飯塚,令和６年度飯塚市営　飯塚ミッドナイト　１１／３～,普通,ミッドナイト
2024/11/4,川口,ＳＧ日本選手権オートレース,普通,デイ
2024/11/4,飯塚,令和６年度飯塚市営　飯塚ミッドナイト　１１／３～,普通,ミッドナイト
2024/11/5,飯塚,令和６年度飯塚市営　飯塚ミッドナイト　１１／３～,普通,ミッドナイト
2024/11/6,山陽,令和６年度山陽小野田市営　普通開催　１１／６～,普通,デイ
2024/11/6,飯塚,令和６年度飯塚市営　飯塚ミッドナイト　１１／３～,普通,ミッドナイト
2024/11/7,伊勢崎,令和６年度伊勢崎市営　普通開催　１１／７～,普通,ナイター
2024/11/7,山陽,令和６年度山陽小野田市営　普通開催　１１／６～,普通,デイ
2024/11/8,伊勢崎,令和６年度伊勢崎市営　普通開催　１１／７～,普通,ナイター
2024/11/8,山陽,令和６年度山陽小野田市営　普通開催　１１／６～,普通,デイ
2024/11/9,伊勢崎,令和６年度伊勢崎市営　普通開催　１１／７～,普通,ナイター
2024/11/9,山陽,令和６年度山陽小野田市営　普通開催　１１／６～,普通,デイ
2024/11/10,伊勢崎,令和６年度伊勢崎市営　普通開催　１１／７～,普通,ナイター
2024/11/10,山陽,令和６年度山陽小野田市営　普通開催　１１／６～,普通,デイ
2024/11/11,飯塚,令和６年度飯塚市営　飯塚ミッドナイト　１１／１１～,普通,ミッドナイト
2024/11/12,飯塚,令和６年度飯塚市営　飯塚ミッドナイト　１１／１１～,普通,ミッドナイト
2024/11/13,山陽,ＧⅡオートレースメモリアル,GII,デイ
2024/11/13,飯塚,令和６年度飯塚市営　飯塚ミッドナイト　１１／１１～,普通,ミッドナイト
2024/11/14,伊勢崎,令和６年度伊勢崎市営　伊勢崎アフター５　１１／１４～,普通,ナイター
2024/11/14,山陽,ＧⅡオートレースメモリアル,GII,デイ
2024/11/15,伊勢崎,令和６年度伊勢崎市営　伊勢崎アフター５　１１／１４～,普通,ナイター
2024/11/15,山陽,ＧⅡオートレースメモリアル,GII,デイ
2024/11/16,伊勢崎,令和６年度伊勢崎市営　伊勢崎アフター５　１１／１４～,普通,ナイター
2024/11/16,山陽,ＧⅡオートレースメモリアル,GII,デイ
2024/11/17,伊勢崎,令和６年度伊勢崎市営　伊勢崎アフター５　１１／１４～,普通,ナイター
2024/11/17,山陽,ＧⅡオートレースメモリアル,GII,デイ
2024/11/18,浜松,令和６年度浜松市営　普通開催　１１／１８～,普通,デイ
2024/11/18,飯塚,令和６年度飯塚市営　飯塚ミッドナイト　１１／１８～,普通,ミッドナイト
2024/11/19,浜松,令和６年度浜松市営　普通開催　１１／１８～,普通,デイ
2024/11/19,飯塚,令和６年度飯塚市営　飯塚ミッドナイト　１１／１８～,普通,ミッドナイト
2024/11/20,浜松,令和６年度浜松市営　普通開催　１１／１８～,普通,デイ
2024/11/20,飯塚,令和６年度飯塚市営　飯塚ミッドナイト　１１／１８～,普通,ミッドナイト
2024/11/21,浜松,令和６年度浜松市営　普通開催　１１／１８～,普通,デイ
2024/11/21,飯塚,令和６年度飯塚市営　飯塚ミッドナイト　１１／１８～,普通,ミッドナイト
2024/11/22,伊勢崎,令和６年度伊勢崎市営　普通開催　１１／２２～,普通,ナイター
2024/11/22,山陽,令和６年度山陽小野田市営　普通開催　１１／２２～,普通,デイ
2024/11/23,伊勢崎,令和６年度伊勢崎市営　普通開催　１１／２２～,普通,ナイター
2024/11/23,山陽,令和６年度山陽小野田市営　普通開催　１１／２２～,普通,デイ
2024/11/23,飯塚,令和６年度飯塚市営　オーバーミッドナイト　１１／２３～,普通,ミッドナイト
2024/11/24,伊勢崎,令和６年度伊勢崎市営　普通開催　１１／２２～,普通,ナイター
2024/11/24,山陽,令和６年度山陽小野田市営　普通開催　１１／２２～,普通,デイ
2024/11/24,飯塚,令和６年度飯塚市営　オーバーミッドナイト　１１／２３～,普通,ミッドナイト
2024/11/25,伊勢崎,令和６年度伊勢崎市営　伊勢崎アフター５　１１／２５～,普通,ナイター
2024/11/25,山陽,令和６年度山陽小野田市営　普通開催　１１／２２～,普通,デイ
2024/11/25,飯塚,令和６年度飯塚市営　オーバーミッドナイト　１１／２３～,普通,ミッドナイト
2024/11/26,伊勢崎,令和６年度伊勢崎市営　伊勢崎アフター５　１１／２５～,普通,ナイター
2024/11/26,山陽,令和６年度山陽小野田市営　普通開催　１１／２２～,普通,デイ
2024/11/27,伊勢崎,令和６年度伊勢崎市営　伊勢崎アフター５　１１／２５～,普通,ナイター
2024/11/27,浜松,ＧⅠスピード王決定戦,GI,デイ
2024/11/28,浜松,ＧⅠスピード王決定戦,GI,デイ
2024/11/28,飯塚,令和６年度飯塚市営　飯塚ミッドナイト　１１／２８～,普通,ミッドナイト
2024/11/29,浜松,ＧⅠスピード王決定戦,GI,デイ
2024/11/29,飯塚,令和６年度飯塚市営　飯塚ミッドナイト　１１／２８～,普通,ミッドナイト
2024/11/30,浜松,ＧⅠスピード王決定戦,GI,デイ
2024/11/30,飯塚,令和６年度飯塚市営　飯塚ミッドナイト　１１／２８～,普通,ミッドナイト
2024/12/1,浜松,ＧⅠスピード王決定戦,GI,デイ
2024/12/1,飯塚,令和６年度飯塚市営　飯塚ミッドナイト　１１／２８～,普通,ミッドナイト
2024/12/2,川口,令和６年度川口市営　川口ナイトレース　１２／２～,普通,ナイター
2024/12/3,川口,令和６年度川口市営　川口ナイトレース　１２／２～,普通,ナイター
2024/12/4,伊勢崎,ＧⅡレジェンドカップ,GII,デイ
2024/12/4,川口,令和６年度川口市営　川口ナイトレース　１２／２～,普通,ナイター
2024/12/5,伊勢崎,ＧⅡレジェンドカップ,GII,デイ
2024/12/5,川口,令和６年度川口市営　川口ナイトレース　１２／２～,普通,ナイター
2024/12/6,伊勢崎,ＧⅡレジェンドカップ,GII,デイ
2024/12/6,飯塚,令和６年度飯塚市営　飯塚ミッドナイト　１２／６～,普通,ミッドナイト
2024/12/7,伊勢崎,ＧⅡレジェンドカップ,GII,デイ
2024/12/7,飯塚,令和６年度飯塚市営　飯塚ミッドナイト　１２／６～,普通,ミッドナイト
2024/12/8,伊勢崎,ＧⅡレジェンドカップ,GII,デイ
2024/12/8,飯塚,令和６年度飯塚市営　飯塚ミッドナイト　１２／６～,普通,ミッドナイト
2024/12/9,山陽,令和６年度浜松市営　山陽ミッドナイト　１２／９～,普通,ミッドナイト
2024/12/9,川口,令和６年度川口市営　普通開催　１２／９～,普通,デイ
2024/12/10,山陽,令和６年度浜松市営　山陽ミッドナイト　１２／９～,普通,ミッドナイト
2024/12/10,川口,令和６年度川口市営　普通開催　１２／９～,普通,デイ
2024/12/11,山陽,令和６年度浜松市営　山陽ミッドナイト　１２／９～,普通,ミッドナイト
2024/12/11,川口,令和６年度川口市営　普通開催　１２／９～,普通,デイ
2024/12/12,山陽,令和６年度浜松市営　山陽ミッドナイト　１２／９～,普通,ミッドナイト
2024/12/12,川口,令和６年度川口市営　普通開催　１２／９～,普通,デイ
2024/12/13,飯塚,ＧⅠ開設記念レース,GI,ナイター
2024/12/14,浜松,令和６年度浜松市営　浜松アーリーレース　１２／１４～,普通,モーニング
2024/12/14,飯塚,ＧⅠ開設記念レース,GI,ナイター
2024/12/15,浜松,令和６年度浜松市営　浜松アーリーレース　１２／１４～,普通,モーニング
2024/12/15,飯塚,ＧⅠ開設記念レース,GI,ナイター
2024/12/16,浜松,令和６年度浜松市営　浜松アーリーレース　１２／１４～,普通,モーニング
2024/12/16,飯塚,ＧⅠ開設記念レース,GI,ナイター
2024/12/17,浜松,令和６年度浜松市営　浜松アーリーレース　１２／１４～,普通,モーニング
2024/12/17,飯塚,ＧⅠ開設記念レース,GI,ナイター
2024/12/18,伊勢崎,令和６年度伊勢崎市営　普通開催　１２／１８～,普通,デイ
2024/12/18,山陽,令和６年度山陽小野田市営　山陽ミッドナイト　１２／１８～,普通,ミッドナイト
2024/12/19,伊勢崎,令和６年度伊勢崎市営　普通開催　１２／１８～,普通,デイ
2024/12/19,山陽,令和６年度山陽小野田市営　山陽ミッドナイト　１２／１８～,普通,ミッドナイト
2024/12/20,伊勢崎,令和６年度伊勢崎市営　普通開催　１２／１８～,普通,デイ
2024/12/20,山陽,令和６年度山陽小野田市営　山陽ミッドナイト　１２／１８～,普通,ミッドナイト
2024/12/21,浜松,令和６年度浜松市営　普通開催　１２／２１～,普通,デイ
2024/12/21,飯塚,令和６年度飯塚市営　飯塚ミッドナイト　１２／２１～,普通,ミッドナイト
2024/12/22,浜松,令和６年度浜松市営　普通開催　１２／２１～,普通,デイ
2024/12/22,飯塚,令和６年度飯塚市営　飯塚ミッドナイト　１２／２１～,普通,ミッドナイト
2024/12/23,浜松,令和６年度浜松市営　普通開催　１２／２１～,普通,デイ
2024/12/23,飯塚,令和６年度飯塚市営　飯塚ミッドナイト　１２／２１～,普通,ミッドナイト
2024/12/24,伊勢崎,令和６年度伊勢崎市営　普通開催　１２／２４～,普通,デイ
2024/12/24,山陽,令和６年度山陽小野田市営　山陽ミッドナイト　１２／２４～,普通,ミッドナイト
2024/12/25,伊勢崎,令和６年度伊勢崎市営　普通開催　１２／２４～,普通,デイ
2024/12/25,山陽,令和６年度山陽小野田市営　山陽ミッドナイト　１２／２４～,普通,ミッドナイト
2024/12/26,伊勢崎,令和６年度伊勢崎市営　普通開催　１２／２４～,普通,デイ
2024/12/26,山陽,令和６年度山陽小野田市営　山陽ミッドナイト　１２／２４～,普通,ミッドナイト
2024/12/27,川口,スーパースターフェスタ,普通,デイ
2024/12/27,飯塚,令和６年度飯塚市営　飯塚ミッドナイト　１２／２７～,普通,ミッドナイト
2024/12/28,川口,スーパースターフェスタ,普通,デイ
2024/12/28,飯塚,令和６年度飯塚市営　飯塚ミッドナイト　１２／２７～,普通,ミッドナイト
2024/12/29,川口,スーパースターフェスタ,普通,デイ
2024/12/29,飯塚,令和６年度飯塚市営　飯塚ミッドナイト　１２／２７～,普通,ミッドナイト
2024/12/30,川口,スーパースターフェスタ,普通,デイ
2024/12/30,飯塚,令和６年度飯塚市営　飯塚ミッドナイト　１２／２７～,普通,ミッドナイト
2024/12/31,川口,スーパースターフェスタ,普通,デイ
2024/12/31,飯塚,令和６年度飯塚市営　飯塚ミッドナイト　１２／２７～,普通,ミッドナイト
2025/1/1,山陽,令和６年度山陽小野田市営　山陽ミッドナイト　１／１～,普通,ミッドナイト
2025/1/1,浜松,令和６年度浜松市営　普通開催　１／１～,普通,デイ
2025/1/2,山陽,令和６年度山陽小野田市営　山陽ミッドナイト　１／１～,普通,ミッドナイト
2025/1/2,川口,令和６年度川口市営　普通開催　１／２～,普通,デイ
2025/1/2,浜松,令和６年度浜松市営　普通開催　１／１～,普通,デイ
2025/1/3,山陽,令和６年度山陽小野田市営　山陽ミッドナイト　１／１～,普通,ミッドナイト
2025/1/3,川口,令和６年度川口市営　普通開催　１／２～,普通,デイ
2025/1/3,浜松,令和６年度浜松市営　普通開催　１／１～,普通,デイ
2025/1/4,山陽,令和６年度山陽小野田市営　山陽ミッドナイト　１／１～,普通,ミッドナイト
2025/1/4,川口,令和６年度川口市営　普通開催　１／２～,普通,デイ
2025/1/4,浜松,令和６年度浜松市営　普通開催　１／１～,普通,デイ
2025/1/5,山陽,令和６年度山陽小野田市営　山陽ミッドナイト　１／１～,普通,ミッドナイト
2025/1/5,川口,令和６年度川口市営　普通開催　１／２～,普通,デイ
2025/1/6,浜松,令和６年度浜松市営　普通開催　１／６～,普通,デイ
2025/1/6,飯塚,令和６年度飯塚市営　飯塚ミッドナイト　１／６～,普通,ミッドナイト
2025/1/7,浜松,令和６年度浜松市営　普通開催　１／６～,普通,デイ
2025/1/7,飯塚,令和６年度飯塚市営　飯塚ミッドナイト　１／６～,普通,ミッドナイト
2025/1/8,浜松,令和６年度浜松市営　普通開催　１／６～,普通,デイ
2025/1/8,飯塚,令和６年度飯塚市営　飯塚ミッドナイト　１／６～,普通,ミッドナイト
2025/1/9,伊勢崎,ＧⅠ開場記念シルクカップ,GI,デイ
2025/1/9,川口,令和６年度川口市営　川口ナイトレース　１／９～,普通,ナイター
2025/1/10,伊勢崎,ＧⅠ開場記念シルクカップ,GI,デイ
2025/1/10,川口,令和６年度川口市営　川口ナイトレース　１／９～,普通,ナイター
2025/1/11,伊勢崎,ＧⅠ開場記念シルクカップ,GI,デイ
2025/1/11,川口,令和６年度川口市営　川口ナイトレース　１／９～,普通,ナイター
2025/1/12,伊勢崎,ＧⅠ開場記念シルクカップ,GI,デイ
2025/1/12,川口,令和６年度川口市営　川口ナイトレース　１／９～,普通,ナイター
2025/1/13,伊勢崎,ＧⅠ開場記念シルクカップ,GI,デイ
2025/1/13,飯塚,令和６年度飯塚市営　飯塚ミッドナイト　１／１３～,普通,ミッドナイト
2025/1/14,浜松,令和６年度浜松市営　普通開催　１／１４～,普通,デイ
2025/1/14,飯塚,令和６年度飯塚市営　飯塚ミッドナイト　１／１３～,普通,ミッドナイト
2025/1/15,浜松,令和６年度浜松市営　普通開催　１／１４～,普通,デイ
2025/1/15,飯塚,令和６年度飯塚市営　飯塚ミッドナイト　１／１３～,普通,ミッドナイト
2025/1/16,山陽,令和６年度山陽小野田市営　普通開催　１／１６～,普通,ナイター
2025/1/16,浜松,令和６年度浜松市営　普通開催　１／１４～,普通,デイ
2025/1/17,山陽,令和６年度山陽小野田市営　普通開催　１／１６～,普通,ナイター
2025/1/17,浜松,令和６年度浜松市営　普通開催　１／１４～,普通,デイ
2025/1/18,山陽,令和６年度山陽小野田市営　普通開催　１／１６～,普通,ナイター
2025/1/18,川口,令和６年度川口市営　普通開催　１／１８～,普通,デイ
2025/1/19,川口,令和６年度川口市営　普通開催　１／１８～,普通,デイ
2025/1/19,飯塚,令和６年度飯塚市営　飯塚ミッドナイト　１／１９～,普通,ミッドナイト
2025/1/20,川口,令和６年度川口市営　普通開催　１／１８～,普通,デイ
2025/1/20,飯塚,令和６年度飯塚市営　飯塚ミッドナイト　１／１９～,普通,ミッドナイト
2025/1/21,川口,令和６年度川口市営　普通開催　１／１８～,普通,デイ
2025/1/21,飯塚,令和６年度飯塚市営　飯塚ミッドナイト　１／１９～,普通,ミッドナイト
2025/1/22,川口,令和６年度川口市営　川口ナイトレース　１／２２～,普通,ナイター
2025/1/22,浜松,ＧⅡウィナーズカップ,GII,デイ
2025/1/23,川口,令和６年度川口市営　川口ナイトレース　１／２２～,普通,ナイター
2025/1/23,浜松,ＧⅡウィナーズカップ,GII,デイ
2025/1/24,川口,令和６年度川口市営　川口ナイトレース　１／２２～,普通,ナイター
2025/1/24,浜松,ＧⅡウィナーズカップ,GII,デイ
2025/1/25,浜松,ＧⅡウィナーズカップ,GII,デイ
2025/1/25,飯塚,令和６年度飯塚市営　飯塚ミッドナイト　１／２５～,普通,ミッドナイト
2025/1/26,浜松,ＧⅡウィナーズカップ,GII,デイ
2025/1/26,飯塚,令和６年度飯塚市営　飯塚ミッドナイト　１／２５～,普通,ミッドナイト
2025/1/27,伊勢崎,令和６年度伊勢崎市営　普通開催　１／２７～,普通,デイ
2025/1/27,飯塚,令和６年度飯塚市営　飯塚ミッドナイト　１／２５～,普通,ミッドナイト
2025/1/28,伊勢崎,令和６年度伊勢崎市営　普通開催　１／２７～,普通,デイ
2025/1/28,飯塚,令和６年度飯塚市営　飯塚ミッドナイト　１／２５～,普通,ミッドナイト
2025/1/29,伊勢崎,令和６年度伊勢崎市営　普通開催　１／２７～,普通,デイ
2025/1/29,飯塚,令和６年度飯塚市営　飯塚ミッドナイト　１／２５～,普通,ミッドナイト
2025/1/30,伊勢崎,令和６年度伊勢崎市営　伊勢崎アフター５　１／３０～,普通,ナイター
2025/1/30,浜松,令和６年度浜松市営　普通開催　１／３０～,普通,デイ
2025/1/31,伊勢崎,令和６年度伊勢崎市営　伊勢崎アフター５　１／３０～,普通,ナイター
2025/1/31,浜松,令和６年度浜松市営　普通開催　１／３０～,普通,デイ
2025/2/1,伊勢崎,令和６年度伊勢崎市営　伊勢崎アフター５　１／３０～,普通,ナイター
2025/2/1,浜松,令和６年度浜松市営　普通開催　１／３０～,普通,デイ
2025/2/2,山陽,令和６年度山陽小野田市営　山陽ミッドナイト　２／２～,普通,ミッドナイト
2025/2/2,浜松,令和６年度浜松市営　普通開催　１／３０～,普通,デイ
2025/2/3,山陽,令和６年度山陽小野田市営　山陽ミッドナイト　２／２～,普通,ミッドナイト
2025/2/3,川口,令和６年度川口市営　普通開催　２／３～,普通,デイ
2025/2/4,山陽,令和６年度山陽小野田市営　山陽ミッドナイト　２／２～,普通,ミッドナイト
2025/2/4,川口,令和６年度川口市営　普通開催　２／３～,普通,デイ
2025/2/5,山陽,令和６年度山陽小野田市営　山陽ミッドナイト　２／２～,普通,ミッドナイト
2025/2/5,川口,令和６年度川口市営　普通開催　２／３～,普通,デイ
2025/2/6,川口,令和６年度川口市営　川口ナイトレース　２／６～,普通,ナイター
2025/2/6,浜松,ＳＧ全日本選抜オートレース,普通,デイ
2025/2/7,川口,令和６年度川口市営　川口ナイトレース　２／６～,普通,ナイター
2025/2/7,浜松,ＳＧ全日本選抜オートレース,普通,デイ
2025/2/8,川口,令和６年度川口市営　川口ナイトレース　２／６～,普通,ナイター
2025/2/8,浜松,ＳＧ全日本選抜オートレース,普通,デイ
2025/2/9,山陽,令和６年度山陽小野田市営　山陽ミッドナイト　２／９～,普通,ミッドナイト
2025/2/9,浜松,ＳＧ全日本選抜オートレース,普通,デイ
2025/2/10,山陽,令和６年度山陽小野田市営　山陽ミッドナイト　２／９～,普通,ミッドナイト
2025/2/10,浜松,ＳＧ全日本選抜オートレース,普通,デイ
2025/2/11,山陽,令和６年度山陽小野田市営　山陽ミッドナイト　２／９～,普通,ミッドナイト
2025/2/11,浜松,ＳＧ全日本選抜オートレース,普通,デイ
2025/2/12,伊勢崎,令和６年度伊勢崎市営　普通開催　２／１２～,普通,デイ
2025/2/12,川口,令和６年度川口市営　川口ナイトレース　２／１２～,普通,ナイター
2025/2/13,伊勢崎,令和６年度伊勢崎市営　普通開催　２／１２～,普通,デイ
2025/2/13,川口,令和６年度川口市営　川口ナイトレース　２／１２～,普通,ナイター
2025/2/14,伊勢崎,令和６年度伊勢崎市営　普通開催　２／１２～,普通,デイ
2025/2/14,川口,令和６年度川口市営　川口ナイトレース　２／１２～,普通,ナイター
2025/2/15,伊勢崎,令和６年度伊勢崎市営　普通開催　２／１２～,普通,デイ
2025/2/15,山陽,令和６年度山陽小野田市営　普通開催　２／１５～,普通,ナイター
2025/2/16,山陽,令和６年度山陽小野田市営　普通開催　２／１５～,普通,ナイター
2025/2/16,浜松,令和６年度浜松市営　普通開催　２／１６～,普通,デイ
2025/2/17,山陽,令和６年度山陽小野田市営　普通開催　２／１５～,普通,ナイター
2025/2/17,浜松,令和６年度浜松市営　普通開催　２／１６～,普通,デイ
2025/2/18,川口,令和６年度川口市営　川口ナイトレース　２／１８～,普通,ナイター
2025/2/18,浜松,令和６年度浜松市営　普通開催　２／１６～,普通,デイ
2025/2/19,川口,令和６年度川口市営　川口ナイトレース　２／１８～,普通,ナイター
2025/2/19,浜松,令和６年度浜松市営　普通開催　２／１６～,普通,デイ
2025/2/20,山陽,ＧⅠスピード王決定戦,GI,デイ
2025/2/20,川口,令和６年度川口市営　川口ナイトレース　２／１８～,普通,ナイター
2025/2/21,山陽,ＧⅠスピード王決定戦,GI,デイ
2025/2/21,川口,令和６年度川口市営　川口ナイトレース　２／１８～,普通,ナイター
2025/2/22,山陽,ＧⅠスピード王決定戦,GI,デイ
2025/2/22,川口,令和６年度川口市営　川口ナイトレース　２／１８～,普通,ナイター
2025/2/23,伊勢崎,令和６年度伊勢崎市営　伊勢崎アフター５　２／２３～,普通,ナイター
2025/2/23,山陽,ＧⅠスピード王決定戦,GI,デイ
2025/2/24,伊勢崎,令和６年度伊勢崎市営　伊勢崎アフター５　２／２３～,普通,ナイター
2025/2/24,山陽,ＧⅠスピード王決定戦,GI,デイ
2025/2/25,伊勢崎,令和６年度伊勢崎市営　伊勢崎アフター５　２／２３～,普通,ナイター
2025/2/25,川口,令和６年度川口市営　普通開催　２／２５～,普通,デイ
2025/2/26,伊勢崎,令和６年度伊勢崎市営　伊勢崎アフター５　２／２３～,普通,ナイター
2025/2/26,川口,令和６年度川口市営　普通開催　２／２５～,普通,デイ
2025/2/27,伊勢崎,令和６年度伊勢崎市営　伊勢崎アフター５　２／２３～,普通,ナイター
2025/2/27,川口,令和６年度川口市営　普通開催　２／２５～,普通,デイ
2025/2/28,山陽,令和６年度山陽小野田市営　普通開催　２／２８～,普通,ナイター
2025/2/28,川口,令和６年度川口市営　普通開催　２／２５～,普通,デイ
2025/3/1,山陽,令和６年度山陽小野田市営　普通開催　２／２８～,普通,ナイター
2025/3/1,浜松,令和６年度浜松市営　浜松アーリーレース　３／１～,普通,モーニング
2025/3/2,山陽,令和６年度山陽小野田市営　普通開催　２／２８～,普通,ナイター
2025/3/2,浜松,令和６年度浜松市営　浜松アーリーレース　３／１～,普通,モーニング
2025/3/3,山陽,令和６年度山陽小野田市営　普通開催　２／２８～,普通,ナイター
2025/3/3,浜松,令和６年度浜松市営　浜松アーリーレース　３／１～,普通,モーニング
2025/3/4,山陽,令和６年度山陽小野田市営　普通開催　２／２８～,普通,ナイター
2025/3/4,浜松,令和６年度浜松市営　浜松アーリーレース　３／１～,普通,モーニング
2025/3/5,伊勢崎,令和６年度伊勢崎市営　伊勢崎アフター５　３／５～,普通,ナイター
2025/3/5,川口,ＧⅠ開設記念グランプリレース,GI,デイ
2025/3/6,伊勢崎,令和６年度伊勢崎市営　伊勢崎アフター５　３／５～,普通,ナイター
2025/3/6,川口,ＧⅠ開設記念グランプリレース,GI,デイ
2025/3/7,伊勢崎,令和６年度伊勢崎市営　伊勢崎アフター５　３／５～,普通,ナイター
2025/3/7,川口,ＧⅠ開設記念グランプリレース,GI,デイ
2025/3/8,伊勢崎,令和６年度伊勢崎市営　伊勢崎アフター５　３／５～,普通,ナイター
2025/3/8,川口,ＧⅠ開設記念グランプリレース,GI,デイ
2025/3/9,山陽,令和６年度山陽小野田市営　山陽ミッドナイト　３／９～,普通,ミッドナイト
2025/3/9,川口,ＧⅠ開設記念グランプリレース,GI,デイ
2025/3/10,山陽,令和６年度山陽小野田市営　山陽ミッドナイト　３／９～,普通,ミッドナイト
2025/3/10,浜松,令和６年度浜松市営　普通開催　３／１０～,普通,デイ
2025/3/11,山陽,令和６年度山陽小野田市営　山陽ミッドナイト　３／９～,普通,ミッドナイト
2025/3/11,浜松,令和６年度浜松市営　普通開催　３／１０～,普通,デイ
2025/3/12,山陽,令和６年度山陽小野田市営　山陽ミッドナイト　３／９～,普通,ミッドナイト
2025/3/12,浜松,令和６年度浜松市営　普通開催　３／１０～,普通,デイ
2025/3/13,山陽,令和６年度山陽小野田市営　山陽ミッドナイト　３／９～,普通,ミッドナイト
2025/3/13,浜松,令和６年度浜松市営　普通開催　３／１０～,普通,デイ
2025/3/14,伊勢崎,令和６年度伊勢崎市営　伊勢崎アフター５　３／１４～,普通,ナイター
2025/3/14,川口,令和６年度川口市営　普通開催　３／１４～,普通,デイ
2025/3/15,伊勢崎,令和６年度伊勢崎市営　伊勢崎アフター５　３／１４～,普通,ナイター
2025/3/15,川口,令和６年度川口市営　普通開催　３／１４～,普通,デイ
2025/3/16,伊勢崎,令和６年度伊勢崎市営　伊勢崎アフター５　３／１４～,普通,ナイター
2025/3/16,川口,令和６年度川口市営　普通開催　３／１４～,普通,デイ
2025/3/17,伊勢崎,令和６年度伊勢崎市営　伊勢崎アフター５　３／１４～,普通,ナイター
2025/3/17,川口,令和６年度川口市営　普通開催　３／１４～,普通,デイ
2025/3/18,山陽,令和６年度山陽小野田市営　山陽ミッドナイト　３／１８～,普通,ミッドナイト
2025/3/19,山陽,令和６年度山陽小野田市営　山陽ミッドナイト　３／１８～,普通,ミッドナイト
2025/3/19,浜松,特別ＧⅠ共同通信社杯プレミアムカップ,GI,デイ
2025/3/20,山陽,令和６年度山陽小野田市営　山陽ミッドナイト　３／１８～,普通,ミッドナイト
2025/3/20,浜松,特別ＧⅠ共同通信社杯プレミアムカップ,GI,デイ
2025/3/21,山陽,令和６年度山陽小野田市営　山陽ミッドナイト　３／１８～,普通,ミッドナイト
2025/3/21,浜松,特別ＧⅠ共同通信社杯プレミアムカップ,GI,デイ
2025/3/22,川口,令和６年度川口市営　川口ナイトレース　３／２２～,普通,ナイター
2025/3/22,浜松,特別ＧⅠ共同通信社杯プレミアムカップ,GI,デイ
2025/3/23,川口,令和６年度川口市営　川口ナイトレース　３／２２～,普通,ナイター
2025/3/23,浜松,特別ＧⅠ共同通信社杯プレミアムカップ,GI,デイ
2025/3/24,川口,令和６年度川口市営　川口ナイトレース　３／２２～,普通,ナイター
2025/3/25,伊勢崎,令和６年度伊勢崎市営　普通開催　３／２５～,普通,デイ
2025/3/25,川口,令和６年度川口市営　川口ナイトレース　３／２２～,普通,ナイター
2025/3/26,伊勢崎,令和６年度伊勢崎市営　普通開催　３／２５～,普通,デイ
2025/3/27,伊勢崎,令和６年度伊勢崎市営　普通開催　３／２５～,普通,デイ
2025/3/27,山陽,ＧⅡミッドナイトチャンピオンカップ,GII,ミッドナイト
2025/3/28,山陽,ＧⅡミッドナイトチャンピオンカップ,GII,ミッドナイト
2025/3/28,浜松,令和６年度浜松市営　普通開催　３／２８～,普通,デイ
2025/3/29,山陽,ＧⅡミッドナイトチャンピオンカップ,GII,ミッドナイト
2025/3/29,浜松,令和６年度浜松市営　普通開催　３／２８～,普通,デイ
2025/3/30,山陽,ＧⅡミッドナイトチャンピオンカップ,GII,ミッドナイト
2025/3/30,浜松,令和６年度浜松市営　普通開催　３／２８～,普通,デイ
2025/3/31,山陽,ＧⅡミッドナイトチャンピオンカップ,GII,ミッドナイト
2025/3/31,浜松,令和６年度浜松市営　普通開催　３／２８～,普通,デイ
2025/4/1,浜松,令和７年度浜松市営　浜松アーリーレース　４／１～,普通,モーニング
2025/4/2,山陽,令和７年度山陽小野田市営　普通開催　４／２～,普通,ナイター
2025/4/2,浜松,令和７年度浜松市営　浜松アーリーレース　４／１～,普通,モーニング
2025/4/3,山陽,令和７年度山陽小野田市営　普通開催　４／２～,普通,ナイター
2025/4/3,浜松,令和７年度浜松市営　浜松アーリーレース　４／１～,普通,モーニング
2025/4/4,山陽,令和７年度山陽小野田市営　普通開催　４／２～,普通,ナイター
2025/4/5,伊勢崎,令和７年度伊勢崎市営　普通開催　４／５～,普通,ナイター
2025/4/5,川口,令和７年度川口市営　普通開催　４／５～,普通,デイ
2025/4/6,伊勢崎,令和７年度伊勢崎市営　普通開催　４／５～,普通,ナイター
2025/4/6,川口,令和７年度川口市営　普通開催　４／５～,普通,デイ
2025/4/7,伊勢崎,令和７年度伊勢崎市営　普通開催　４／５～,普通,ナイター
2025/4/7,川口,令和７年度川口市営　普通開催　４／５～,普通,デイ
2025/4/8,伊勢崎,令和７年度伊勢崎市営　伊勢崎アフター５　４／８～,普通,ナイター
2025/4/8,川口,令和７年度川口市営　普通開催　４／５～,普通,デイ
2025/4/9,伊勢崎,令和７年度伊勢崎市営　伊勢崎アフター５　４／８～,普通,ナイター
2025/4/9,山陽,ＧⅠ令和グランドチャンピオンカップ,GI,デイ
2025/4/10,伊勢崎,令和７年度伊勢崎市営　伊勢崎アフター５　４／８～,普通,ナイター
2025/4/10,山陽,ＧⅠ令和グランドチャンピオンカップ,GI,デイ
2025/4/11,山陽,ＧⅠ令和グランドチャンピオンカップ,GI,デイ
2025/4/11,川口,令和７年度川口市営　川口ナイトレース　４／１１～,普通,ナイター
2025/4/12,山陽,ＧⅠ令和グランドチャンピオンカップ,GI,デイ
2025/4/12,川口,令和７年度川口市営　川口ナイトレース　４／１１～,普通,ナイター
2025/4/13,山陽,ＧⅠ令和グランドチャンピオンカップ,GI,デイ
2025/4/13,川口,令和７年度川口市営　川口ナイトレース　４／１１～,普通,ナイター
2025/4/14,伊勢崎,令和７年度伊勢崎市営　普通開催　４／１４～,普通,ナイター
2025/4/15,伊勢崎,令和７年度伊勢崎市営　普通開催　４／１４～,普通,ナイター
2025/4/15,浜松,令和７年度浜松市営　普通開催　４／１５～,普通,デイ
2025/4/16,伊勢崎,令和７年度伊勢崎市営　普通開催　４／１４～,普通,ナイター
2025/4/16,浜松,令和７年度浜松市営　普通開催　４／１５～,普通,デイ
2025/4/17,山陽,令和７年度山陽小野田市営　普通開催　４／１７～,普通,ナイター
2025/4/17,浜松,令和７年度浜松市営　普通開催　４／１５～,普通,デイ
2025/4/18,山陽,令和７年度山陽小野田市営　普通開催　４／１７～,普通,ナイター
2025/4/18,川口,令和７年度川口市営　普通開催　４／１８～,普通,デイ
2025/4/19,山陽,令和７年度山陽小野田市営　普通開催　４／１７～,普通,ナイター
2025/4/19,川口,令和７年度川口市営　普通開催　４／１８～,普通,デイ
2025/4/20,山陽,令和７年度山陽小野田市営　普通開催　４／１７～,普通,ナイター
2025/4/20,川口,令和７年度川口市営　普通開催　４／１８～,普通,デイ
2025/4/21,伊勢崎,令和７年度伊勢崎市営　伊勢崎アフター５　４／２１～,普通,ナイター
2025/4/21,山陽,令和７年度山陽小野田市営　オーバーミッドナイト　４／２１～,普通,ミッドナイト
2025/4/21,浜松,令和７年度浜松市営　普通開催　４／２１～,普通,デイ
2025/4/22,伊勢崎,令和７年度伊勢崎市営　伊勢崎アフター５　４／２１～,普通,ナイター
2025/4/22,山陽,令和７年度山陽小野田市営　オーバーミッドナイト　４／２１～,普通,ミッドナイト
2025/4/22,浜松,令和７年度浜松市営　普通開催　４／２１～,普通,デイ
2025/4/23,伊勢崎,令和７年度伊勢崎市営　伊勢崎アフター５　４／２１～,普通,ナイター
2025/4/23,山陽,令和７年度山陽小野田市営　オーバーミッドナイト　４／２１～,普通,ミッドナイト
2025/4/23,浜松,令和７年度浜松市営　普通開催　４／２１～,普通,デイ
2025/4/24,川口,ＳＧオールスター・オートレース,普通,ナイター
2025/4/25,川口,ＳＧオールスター・オートレース,普通,ナイター
2025/4/26,山陽,令和７年度山陽小野田市営　オーバーミッドナイト　４／２６～,普通,ミッドナイト
2025/4/26,川口,ＳＧオールスター・オートレース,普通,ナイター
2025/4/26,浜松,令和７年度浜松市営　浜松アーリーレース　４／２６～,普通,モーニング
2025/4/27,山陽,令和７年度山陽小野田市営　オーバーミッドナイト　４／２６～,普通,ミッドナイト
2025/4/27,川口,ＳＧオールスター・オートレース,普通,ナイター
2025/4/27,浜松,令和７年度浜松市営　浜松アーリーレース　４／２６～,普通,モーニング
2025/4/28,山陽,令和７年度山陽小野田市営　オーバーミッドナイト　４／２６～,普通,ミッドナイト
2025/4/28,川口,ＳＧオールスター・オートレース,普通,ナイター
2025/4/28,浜松,令和７年度浜松市営　浜松アーリーレース　４／２６～,普通,モーニング
2025/4/29,川口,ＳＧオールスター・オートレース,普通,ナイター
2025/4/29,浜松,令和７年度浜松市営　浜松アーリーレース　４／２６～,普通,モーニング
2025/4/30,伊勢崎,令和７年度伊勢崎市営　伊勢崎アフター５　４／３０～,普通,ナイター
2025/5/1,伊勢崎,令和７年度伊勢崎市営　伊勢崎アフター５　４／３０～,普通,ナイター
2025/5/1,山陽,令和７年度山陽小野田市営　オーバーミッドナイト　５／１～,普通,ミッドナイト
2025/5/2,伊勢崎,令和７年度伊勢崎市営　伊勢崎アフター５　４／３０～,普通,ナイター
2025/5/2,山陽,令和７年度山陽小野田市営　オーバーミッドナイト　５／１～,普通,ミッドナイト
2025/5/2,川口,令和７年度川口市営　普通開催　５／２～,普通,デイ
2025/5/3,伊勢崎,令和７年度伊勢崎市営　普通開催　５／３～,普通,ナイター
2025/5/3,山陽,令和７年度山陽小野田市営　オーバーミッドナイト　５／１～,普通,ミッドナイト
2025/5/3,川口,令和７年度川口市営　普通開催　５／２～,普通,デイ
2025/5/4,伊勢崎,令和７年度伊勢崎市営　普通開催　５／３～,普通,ナイター
2025/5/4,川口,令和７年度川口市営　普通開催　５／２～,普通,デイ
2025/5/5,伊勢崎,令和７年度伊勢崎市営　普通開催　５／３～,普通,ナイター
2025/5/5,川口,令和７年度川口市営　普通開催　５／２～,普通,デイ
2025/5/6,山陽,令和７年度山陽小野田市営　山陽ミッドナイト　５／６～,普通,ミッドナイト
2025/5/6,川口,令和７年度川口市営　普通開催　５／２～,普通,デイ
2025/5/7,山陽,令和７年度山陽小野田市営　山陽ミッドナイト　５／６～,普通,ミッドナイト
2025/5/7,浜松,ＧⅠ開場記念ゴールデンレース,GI,デイ
2025/5/8,山陽,令和７年度山陽小野田市営　山陽ミッドナイト　５／６～,普通,ミッドナイト
2025/5/8,浜松,ＧⅠ開場記念ゴールデンレース,GI,デイ
2025/5/9,山陽,令和７年度山陽小野田市営　山陽ミッドナイト　５／６～,普通,ミッドナイト
2025/5/9,浜松,ＧⅠ開場記念ゴールデンレース,GI,デイ
2025/5/10,伊勢崎,令和７年度伊勢崎市営　伊勢崎アフター５　５／１０～,普通,ナイター
2025/5/10,浜松,ＧⅠ開場記念ゴールデンレース,GI,デイ
2025/5/11,伊勢崎,令和７年度伊勢崎市営　伊勢崎アフター５　５／１０～,普通,ナイター
2025/5/11,浜松,ＧⅠ開場記念ゴールデンレース,GI,デイ
2025/5/12,伊勢崎,令和７年度伊勢崎市営　伊勢崎アフター５　５／１０～,普通,ナイター
2025/5/13,山陽,令和７年度山陽小野田市営　山陽ミッドナイト　５／１３～,普通,ミッドナイト
2025/5/13,川口,令和７年度川口市営　普通開催　５／１３～,普通,デイ
2025/5/14,山陽,令和７年度山陽小野田市営　山陽ミッドナイト　５／１３～,普通,ミッドナイト
2025/5/14,川口,令和７年度川口市営　普通開催　５／１３～,普通,デイ
2025/5/15,山陽,令和７年度山陽小野田市営　山陽ミッドナイト　５／１３～,普通,ミッドナイト
2025/5/15,川口,令和７年度川口市営　普通開催　５／１３～,普通,デイ
2025/5/16,山陽,令和７年度山陽小野田市営　山陽ミッドナイト　５／１３～,普通,ミッドナイト
2025/5/16,浜松,令和７年度浜松市営　普通開催　５／１６～,普通,デイ
2025/5/17,伊勢崎,令和７年度伊勢崎市営　普通開催　５／１７～,普通,ナイター
2025/5/17,浜松,令和７年度浜松市営　普通開催　５／１６～,普通,デイ
2025/5/18,伊勢崎,令和７年度伊勢崎市営　普通開催　５／１７～,普通,ナイター
2025/5/18,浜松,令和７年度浜松市営　普通開催　５／１６～,普通,デイ
2025/5/19,伊勢崎,令和７年度伊勢崎市営　普通開催　５／１７～,普通,ナイター
2025/5/19,浜松,令和７年度浜松市営　普通開催　５／１６～,普通,デイ
2025/5/20,伊勢崎,令和７年度伊勢崎市営　普通開催　５／１７～,普通,ナイター
2025/5/21,山陽,令和７年度山陽小野田市営　オーバーミッドナイト　５／２１～,普通,ミッドナイト
2025/5/21,川口,ＧⅡ川口記念,GII,ナイター
2025/5/22,山陽,令和７年度山陽小野田市営　オーバーミッドナイト　５／２１～,普通,ミッドナイト
2025/5/22,川口,ＧⅡ川口記念,GII,ナイター
2025/5/22,浜松,令和７年度浜松市営　浜松アーリーレース　５／２２～,普通,モーニング
2025/5/23,山陽,令和７年度山陽小野田市営　オーバーミッドナイト　５／２１～,普通,ミッドナイト
2025/5/23,川口,ＧⅡ川口記念,GII,ナイター
2025/5/23,浜松,令和７年度浜松市営　浜松アーリーレース　５／２２～,普通,モーニング
2025/5/24,川口,ＧⅡ川口記念,GII,ナイター
2025/5/24,浜松,令和７年度浜松市営　浜松アーリーレース　５／２２～,普通,モーニング
2025/5/25,川口,ＧⅡ川口記念,GII,ナイター
2025/5/25,浜松,令和７年度浜松市営　浜松アーリーレース　５／２２～,普通,モーニング
2025/5/26,伊勢崎,令和７年度伊勢崎市営　伊勢崎アフター５　５／２６～,普通,ナイター
2025/5/27,伊勢崎,令和７年度伊勢崎市営　伊勢崎アフター５　５／２６～,普通,ナイター
2025/5/27,浜松,令和７年度浜松市営　普通開催　５／２７～,普通,デイ
2025/5/28,伊勢崎,令和７年度伊勢崎市営　伊勢崎アフター５　５／２６～,普通,ナイター
2025/5/28,浜松,令和７年度浜松市営　普通開催　５／２７～,普通,デイ
2025/5/29,山陽,ＧⅡミッドナイトチャンピオンカップ,GII,ミッドナイト
2025/5/29,浜松,令和７年度浜松市営　普通開催　５／２７～,普通,デイ
2025/5/30,山陽,ＧⅡミッドナイトチャンピオンカップ,GII,ミッドナイト
2025/5/30,浜松,令和７年度浜松市営　普通開催　５／２７～,普通,デイ
2025/5/31,山陽,ＧⅡミッドナイトチャンピオンカップ,GII,ミッドナイト
2025/5/31,川口,令和７年度川口市営　普通開催　５／３１～,普通,デイ
2025/6/1,山陽,ＧⅡミッドナイトチャンピオンカップ,GII,ミッドナイト
2025/6/1,川口,令和７年度川口市営　普通開催　５／３１～,普通,デイ
2025/6/2,山陽,ＧⅡミッドナイトチャンピオンカップ,GII,ミッドナイト
2025/6/2,川口,令和７年度川口市営　普通開催　５／３１～,普通,デイ
2025/6/3,川口,令和７年度川口市営　川口ナイトレース　６／３～,普通,ナイター
2025/6/3,浜松,令和７年度浜松市営　普通開催　６／３～,普通,デイ
2025/6/4,川口,令和７年度川口市営　川口ナイトレース　６／３～,普通,ナイター
2025/6/4,浜松,令和７年度浜松市営　普通開催　６／３～,普通,デイ
2025/6/5,川口,令和７年度川口市営　川口ナイトレース　６／３～,普通,ナイター
2025/6/5,浜松,令和７年度浜松市営　普通開催　６／３～,普通,デイ
2025/6/6,山陽,令和７年度山陽小野田市営　山陽ミッドナイト　６／６～,普通,ミッドナイト
2025/6/6,浜松,令和７年度浜松市営　普通開催　６／３～,普通,デイ
2025/6/7,山陽,令和７年度山陽小野田市営　山陽ミッドナイト　６／６～,普通,ミッドナイト
2025/6/7,浜松,令和７年度浜松市営　普通開催　６／３～,普通,デイ
2025/6/8,山陽,令和７年度山陽小野田市営　山陽ミッドナイト　６／６～,普通,ミッドナイト
2025/6/8,川口,令和７年度川口市営　普通開催　６／８～,普通,デイ
2025/6/9,山陽,令和７年度山陽小野田市営　山陽ミッドナイト　６／６～,普通,ミッドナイト
2025/6/9,川口,令和７年度川口市営　普通開催　６／８～,普通,デイ
2025/6/10,川口,令和７年度川口市営　普通開催　６／８～,普通,デイ
2025/6/11,伊勢崎,ＧⅡ稲妻賞,GII,ナイター
2025/6/12,伊勢崎,ＧⅡ稲妻賞,GII,ナイター
2025/6/12,浜松,令和７年度浜松市営　浜松アーリーレース　６／１２～,普通,モーニング
2025/6/13,伊勢崎,ＧⅡ稲妻賞,GII,ナイター
2025/6/13,山陽,令和７年度山陽小野田市営　オーバーミッドナイト　６／１３～,普通,ミッドナイト
2025/6/13,浜松,令和７年度浜松市営　浜松アーリーレース　６／１２～,普通,モーニング
2025/6/14,伊勢崎,ＧⅡ稲妻賞,GII,ナイター
2025/6/14,山陽,令和７年度山陽小野田市営　オーバーミッドナイト　６／１３～,普通,ミッドナイト
2025/6/14,浜松,令和７年度浜松市営　浜松アーリーレース　６／１２～,普通,モーニング
2025/6/15,伊勢崎,ＧⅡ稲妻賞,GII,ナイター
2025/6/15,山陽,令和７年度山陽小野田市営　オーバーミッドナイト　６／１３～,普通,ミッドナイト
2025/6/15,浜松,令和７年度浜松市営　浜松アーリーレース　６／１２～,普通,モーニング
2025/6/16,川口,令和７年度川口市営　川口ナイトレース　６／１６～,普通,ナイター
2025/6/17,川口,令和７年度川口市営　川口ナイトレース　６／１６～,普通,ナイター
2025/6/17,浜松,令和７年度浜松市営　普通開催　６／１７～,普通,デイ
2025/6/18,川口,令和７年度川口市営　川口ナイトレース　６／１６～,普通,ナイター
2025/6/18,浜松,令和７年度浜松市営　普通開催　６／１７～,普通,デイ
2025/6/19,川口,令和７年度川口市営　川口ナイトレース　６／１６～,普通,ナイター
2025/6/19,浜松,令和７年度浜松市営　普通開催　６／１７～,普通,デイ
2025/6/20,山陽,令和７年度山陽小野田市営　オーバーミッドナイト　６／２０～,普通,ミッドナイト
2025/6/20,浜松,令和７年度浜松市営　普通開催　６／１７～,普通,デイ
2025/6/21,山陽,令和７年度山陽小野田市営　オーバーミッドナイト　６／２０～,普通,ミッドナイト
2025/6/21,飯塚,令和７年度飯塚市営　普通開催　６／２１～,普通,ナイター
2025/6/22,山陽,令和７年度山陽小野田市営　オーバーミッドナイト　６／２０～,普通,ミッドナイト
2025/6/22,川口,令和７年度川口市営　普通開催　６／２２～,普通,デイ
2025/6/22,飯塚,令和７年度飯塚市営　普通開催　６／２１～,普通,ナイター
2025/6/23,山陽,令和７年度山陽小野田市営　オーバーミッドナイト　６／２０～,普通,ミッドナイト
2025/6/23,川口,令和７年度川口市営　普通開催　６／２２～,普通,デイ
2025/6/23,飯塚,令和７年度飯塚市営　普通開催　６／２１～,普通,ナイター
2025/6/24,川口,令和７年度川口市営　普通開催　６／２２～,普通,デイ
2025/6/24,飯塚,令和７年度飯塚市営　飯塚ミッドナイト　６／２４～,普通,ミッドナイト
2025/6/25,浜松,ＧⅡ浜松記念曳馬野賞,GII,デイ
2025/6/25,飯塚,令和７年度飯塚市営　飯塚ミッドナイト　６／２４～,普通,ミッドナイト
2025/6/26,浜松,ＧⅡ浜松記念曳馬野賞,GII,デイ
2025/6/26,飯塚,令和７年度飯塚市営　飯塚ミッドナイト　６／２４～,普通,ミッドナイト
2025/6/27,山陽,令和７年度山陽小野田市営　山陽ミッドナイト　６／２７～,普通,ミッドナイト
2025/6/27,浜松,ＧⅡ浜松記念曳馬野賞,GII,デイ
2025/6/28,山陽,令和７年度山陽小野田市営　山陽ミッドナイト　６／２７～,普通,ミッドナイト
2025/6/28,浜松,ＧⅡ浜松記念曳馬野賞,GII,デイ
2025/6/29,山陽,令和７年度山陽小野田市営　山陽ミッドナイト　６／２７～,普通,ミッドナイト
2025/6/29,浜松,ＧⅡ浜松記念曳馬野賞,GII,デイ
2025/6/30,川口,令和７年度川口市営　普通開催　６／３０～,普通,デイ
2025/6/30,飯塚,令和７年度飯塚市営　オーバーミッドナイト　６／３０～,普通,ミッドナイト
2025/7/1,川口,令和７年度川口市営　普通開催　６／３０～,普通,デイ
2025/7/1,飯塚,令和７年度飯塚市営　オーバーミッドナイト　６／３０～,普通,ミッドナイト
2025/7/2,川口,令和７年度川口市営　普通開催　６／３０～,普通,デイ
2025/7/2,飯塚,令和７年度飯塚市営　オーバーミッドナイト　６／３０～,普通,ミッドナイト
2025/7/3,伊勢崎,令和７年度伊勢崎市営　普通開催　７／３～,普通,ナイター
2025/7/3,浜松,令和７年度浜松市営　普通開催　７／３～,普通,デイ
2025/7/3,飯塚,令和７年度飯塚市営　オーバーミッドナイト　６／３０～,普通,ミッドナイト
2025/7/4,伊勢崎,令和７年度伊勢崎市営　普通開催　７／３～,普通,ナイター
2025/7/4,浜松,令和７年度浜松市営　普通開催　７／３～,普通,デイ
2025/7/5,伊勢崎,令和７年度伊勢崎市営　普通開催　７／３～,普通,ナイター
2025/7/5,浜松,令和７年度浜松市営　普通開催　７／３～,普通,デイ
2025/7/6,川口,令和７年度川口市営　普通開催　７／６～,普通,ナイター
2025/7/6,飯塚,令和７年度飯塚市営　普通開催　７／６～,普通,デイ
2025/7/7,川口,令和７年度川口市営　普通開催　７／６～,普通,ナイター
2025/7/7,飯塚,令和７年度飯塚市営　普通開催　７／６～,普通,デイ
2025/7/8,川口,令和７年度川口市営　普通開催　７／６～,普通,ナイター
2025/7/8,飯塚,令和７年度飯塚市営　普通開催　７／６～,普通,デイ
2025/7/9,山陽,ＧⅡ小林啓二杯,GII,ナイター
2025/7/9,飯塚,令和７年度飯塚市営　オーバーミッドナイト　７／９～,普通,ミッドナイト
2025/7/10,山陽,ＧⅡ小林啓二杯,GII,ナイター
2025/7/10,浜松,令和７年度浜松市営　浜松アーリーレース　７／１０～,普通,モーニング
2025/7/10,飯塚,令和７年度飯塚市営　オーバーミッドナイト　７／９～,普通,ミッドナイト
2025/7/11,山陽,ＧⅡ小林啓二杯,GII,ナイター
2025/7/11,浜松,令和７年度浜松市営　浜松アーリーレース　７／１０～,普通,モーニング
2025/7/11,飯塚,令和７年度飯塚市営　オーバーミッドナイト　７／９～,普通,ミッドナイト
2025/7/12,山陽,ＧⅡ小林啓二杯,GII,ナイター
2025/7/12,浜松,令和７年度浜松市営　浜松アーリーレース　７／１０～,普通,モーニング
2025/7/13,山陽,ＧⅡ小林啓二杯,GII,ナイター
2025/7/13,浜松,令和７年度浜松市営　浜松アーリーレース　７／１０～,普通,モーニング
2025/7/14,伊勢崎,令和７年度伊勢崎市営　伊勢崎アフター５　７／１４～,普通,ナイター
2025/7/15,伊勢崎,令和７年度伊勢崎市営　伊勢崎アフター５　７／１４～,普通,ナイター
2025/7/15,飯塚,令和７年度飯塚市営　オーバーミッドナイト　７／１５～,普通,ミッドナイト
2025/7/16,伊勢崎,令和７年度伊勢崎市営　伊勢崎アフター５　７／１４～,普通,ナイター
2025/7/16,飯塚,令和７年度飯塚市営　オーバーミッドナイト　７／１５～,普通,ミッドナイト
2025/7/17,川口,ＧⅠキューポラ杯,GI,ナイター
2025/7/17,飯塚,令和７年度飯塚市営　オーバーミッドナイト　７／１５～,普通,ミッドナイト
2025/7/18,山陽,令和７年度山陽小野田市営　オーバーミッドナイト　７／１８～,普通,ミッドナイト
2025/7/18,川口,ＧⅠキューポラ杯,GI,ナイター
2025/7/18,浜松,令和７年度浜松市営　浜松アーリーレース　７／１８～,普通,モーニング
2025/7/19,山陽,令和７年度山陽小野田市営　オーバーミッドナイト　７／１８～,普通,ミッドナイト
2025/7/19,川口,ＧⅠキューポラ杯,GI,ナイター
2025/7/19,浜松,令和７年度浜松市営　浜松アーリーレース　７／１８～,普通,モーニング
2025/7/20,山陽,令和７年度山陽小野田市営　オーバーミッドナイト　７／１８～,普通,ミッドナイト
2025/7/20,川口,ＧⅠキューポラ杯,GI,ナイター
2025/7/20,浜松,令和７年度浜松市営　浜松アーリーレース　７／１８～,普通,モーニング
2025/7/21,川口,ＧⅠキューポラ杯,GI,ナイター
2025/7/21,浜松,令和７年度浜松市営　浜松アーリーレース　７／１８～,普通,モーニング
2025/7/21,飯塚,令和７年度飯塚市営　オーバーミッドナイト　７／２１～,普通,ミッドナイト
2025/7/22,飯塚,令和７年度飯塚市営　オーバーミッドナイト　７／２１～,普通,ミッドナイト
2025/7/23,伊勢崎,令和７年度伊勢崎市営　普通開催　７／２３～,普通,ナイター
2025/7/23,浜松,令和７年度浜松市営　普通開催　７／２３～,普通,デイ
2025/7/23,飯塚,令和７年度飯塚市営　オーバーミッドナイト　７／２１～,普通,ミッドナイト
2025/7/24,伊勢崎,令和７年度伊勢崎市営　普通開催　７／２３～,普通,ナイター
2025/7/24,浜松,令和７年度浜松市営　普通開催　７／２３～,普通,デイ
2025/7/24,飯塚,令和７年度飯塚市営　オーバーミッドナイト　７／２１～,普通,ミッドナイト
2025/7/25,伊勢崎,令和７年度伊勢崎市営　普通開催　７／２３～,普通,ナイター
2025/7/25,浜松,令和７年度浜松市営　普通開催　７／２３～,普通,デイ
2025/7/26,山陽,令和７年度山陽小野田市営　普通開催　７／２６～,普通,ナイター
2025/7/26,浜松,令和７年度浜松市営　普通開催　７／２３～,普通,デイ
2025/7/27,山陽,令和７年度山陽小野田市営　普通開催　７／２６～,普通,ナイター
2025/7/27,飯塚,令和７年度飯塚市営　普通開催　７／２７～,普通,デイ
2025/7/28,山陽,令和７年度山陽小野田市営　普通開催　７／２６～,普通,ナイター
2025/7/28,飯塚,令和７年度飯塚市営　普通開催　７／２７～,普通,デイ
2025/7/29,山陽,令和７年度山陽小野田市営　山陽ミッドナイト　７／２９～,普通,ミッドナイト
2025/7/29,飯塚,令和７年度飯塚市営　普通開催　７／２７～,普通,デイ
2025/7/30,山陽,令和７年度山陽小野田市営　山陽ミッドナイト　７／２９～,普通,ミッドナイト
2025/7/30,浜松,ＧⅡウィナーズカップ,GII,デイ
2025/7/31,山陽,令和７年度山陽小野田市営　山陽ミッドナイト　７／２９～,普通,ミッドナイト
2025/7/31,浜松,ＧⅡウィナーズカップ,GII,デイ
2025/8/1,川口,令和７年度川口市営　川口ナイトレース,普通,ナイター
2025/8/1,浜松,ＧⅡウィナーズカップ,GII,デイ
2025/8/2,川口,令和７年度川口市営　川口ナイトレース,普通,ナイター
2025/8/2,浜松,ＧⅡウィナーズカップ,GII,デイ
2025/8/3,川口,令和７年度川口市営　川口ナイトレース,普通,ナイター
2025/8/3,浜松,ＧⅡウィナーズカップ,GII,デイ
2025/8/4,伊勢崎,令和７年度伊勢崎市営　普通開催　８／４～,普通,ナイター
2025/8/4,飯塚,令和７年度飯塚市営　オーバーミッドナイト　８／４～,普通,ミッドナイト
2025/8/5,伊勢崎,令和７年度伊勢崎市営　普通開催　８／４～,普通,ナイター
2025/8/5,飯塚,令和７年度飯塚市営　オーバーミッドナイト　８／４～,普通,ミッドナイト
2025/8/6,伊勢崎,令和７年度伊勢崎市営　普通開催　８／４～,普通,ナイター
2025/8/6,飯塚,令和７年度飯塚市営　オーバーミッドナイト　８／４～,普通,ミッドナイト
2025/8/7,山陽,令和７年度山陽小野田市営　オーバーミッドナイト　８／７～,普通,ミッドナイト
2025/8/7,川口,令和７年度川口市営　普通開催　８／７～,普通,ナイター
2025/8/8,山陽,令和７年度山陽小野田市営　オーバーミッドナイト　８／７～,普通,ミッドナイト
2025/8/8,川口,令和７年度川口市営　普通開催　８／７～,普通,ナイター
2025/8/9,山陽,令和７年度山陽小野田市営　オーバーミッドナイト　８／７～,普通,ミッドナイト
2025/8/9,川口,令和７年度川口市営　普通開催　８／７～,普通,ナイター
2025/8/10,伊勢崎,ＳＧオートレースグランプリ,普通,ナイター
2025/8/10,飯塚,令和７年度飯塚市営　オーバーミッドナイト　８／１０～,普通,ミッドナイト
2025/8/11,伊勢崎,ＳＧオートレースグランプリ,普通,ナイター
2025/8/11,飯塚,令和７年度飯塚市営　オーバーミッドナイト　８／１０～,普通,ミッドナイト
2025/8/12,伊勢崎,ＳＧオートレースグランプリ,普通,ナイター
2025/8/12,飯塚,令和７年度飯塚市営　オーバーミッドナイト　８／１０～,普通,ミッドナイト
2025/8/13,伊勢崎,ＳＧオートレースグランプリ,普通,ナイター
2025/8/14,伊勢崎,ＳＧオートレースグランプリ,普通,ナイター
2025/8/15,伊勢崎,ＳＧオートレースグランプリ,普通,ナイター
2025/8/16,山陽,令和７年度山陽小野田市営　山陽ミッドナイト　８／１６～,普通,ミッドナイト
2025/8/16,飯塚,令和７年度飯塚市営　普通開催　８／１６～,普通,デイ
2025/8/17,山陽,令和７年度山陽小野田市営　山陽ミッドナイト　８／１６～,普通,ミッドナイト
2025/8/17,飯塚,令和７年度飯塚市営　普通開催　８／１６～,普通,デイ
2025/8/18,山陽,令和７年度山陽小野田市営　山陽ミッドナイト　８／１６～,普通,ミッドナイト
2025/8/18,飯塚,令和７年度飯塚市営　普通開催　８／１６～,普通,デイ
2025/8/19,伊勢崎,令和７年度伊勢崎市営　伊勢崎アフター５　８／１９～,普通,ナイター
2025/8/19,飯塚,令和７年度飯塚市営　普通開催　８／１６～,普通,デイ
2025/8/20,伊勢崎,令和７年度伊勢崎市営　伊勢崎アフター５　８／１９～,普通,ナイター
2025/8/21,伊勢崎,令和７年度伊勢崎市営　伊勢崎アフター５　８／１９～,普通,ナイター
2025/8/22,飯塚,ＧⅠダイヤモンドレース,GI,ナイター
2025/8/23,飯塚,ＧⅠダイヤモンドレース,GI,ナイター
2025/8/24,飯塚,ＧⅠダイヤモンドレース,GI,ナイター
2025/8/25,飯塚,ＧⅠダイヤモンドレース,GI,ナイター
2025/8/26,飯塚,ＧⅠダイヤモンドレース,GI,ナイター
2025/8/27,伊勢崎,令和７年度伊勢崎市営　普通開催　８／２７～,普通,ナイター
2025/8/28,伊勢崎,令和７年度伊勢崎市営　普通開催　８／２７～,普通,ナイター
2025/8/29,伊勢崎,令和７年度伊勢崎市営　普通開催　８／２７～,普通,ナイター
2025/8/29,飯塚,令和７年度飯塚市営　普通開催　８／２９～,普通,デイ
2025/8/30,伊勢崎,令和７年度伊勢崎市営　普通開催　８／２７～,普通,ナイター
2025/8/30,飯塚,令和７年度飯塚市営　普通開催　８／２９～,普通,デイ
2025/8/31,伊勢崎,令和７年度伊勢崎市営　普通開催　８／２７～,普通,ナイター
2025/8/31,飯塚,令和７年度飯塚市営　普通開催　８／２９～,普通,デイ
2025/9/1,飯塚,令和７年度飯塚市営　普通開催　８／２９～,普通,デイ
2025/9/2,飯塚,令和７年度飯塚市営　オーバーミッドナイト　９／２～,普通,ミッドナイト
2025/9/3,伊勢崎,ＧⅠムーンライトチャンピオンカップ,GI,ナイター
2025/9/3,飯塚,令和７年度飯塚市営　オーバーミッドナイト　９／２～,普通,ミッドナイト
2025/9/4,伊勢崎,ＧⅠムーンライトチャンピオンカップ,GI,ナイター
2025/9/4,飯塚,令和７年度飯塚市営　オーバーミッドナイト　９／２～,普通,ミッドナイト
2025/9/5,伊勢崎,ＧⅠムーンライトチャンピオンカップ,GI,ナイター
2025/9/6,伊勢崎,ＧⅠムーンライトチャンピオンカップ,GI,ナイター
2025/9/6,山陽,令和７年度山陽小野田市営　オーバーミッドナイト　９／６～,普通,ミッドナイト
2025/9/7,伊勢崎,ＧⅠムーンライトチャンピオンカップ,GI,ナイター
2025/9/7,山陽,令和７年度山陽小野田市営　オーバーミッドナイト　９／６～,普通,ミッドナイト
2025/9/8,山陽,令和７年度山陽小野田市営　オーバーミッドナイト　９／６～,普通,ミッドナイト
2025/9/8,川口,令和７年度川口市営　普通開催　９／８～,普通,ナイター
2025/9/8,飯塚,令和７年度飯塚市営　普通開催　９／８～,普通,デイ
2025/9/9,川口,令和７年度川口市営　普通開催　９／８～,普通,ナイター
2025/9/9,飯塚,令和７年度飯塚市営　普通開催　９／８～,普通,デイ
2025/9/10,川口,令和７年度川口市営　普通開催　９／８～,普通,ナイター
2025/9/10,飯塚,令和７年度飯塚市営　普通開催　９／８～,普通,デイ
2025/9/11,山陽,令和７年度山陽小野田市営　普通開催　９／１１～,普通,デイ
2025/9/11,川口,令和７年度川口市営　普通開催　９／８～,普通,ナイター
2025/9/11,飯塚,令和７年度飯塚市営　オーバーミッドナイト　９／１１～,普通,ミッドナイト
2025/9/12,伊勢崎,令和７年度伊勢崎市営　普通開催　９／１２～,普通,ナイター
2025/9/12,山陽,令和７年度山陽小野田市営　普通開催　９／１１～,普通,デイ
2025/9/12,飯塚,令和７年度飯塚市営　オーバーミッドナイト　９／１１～,普通,ミッドナイト
2025/9/13,伊勢崎,令和７年度伊勢崎市営　普通開催　９／１２～,普通,ナイター
2025/9/13,山陽,令和７年度山陽小野田市営　普通開催　９／１１～,普通,デイ
2025/9/13,飯塚,令和７年度飯塚市営　オーバーミッドナイト　９／１１～,普通,ミッドナイト
2025/9/14,伊勢崎,令和７年度伊勢崎市営　普通開催　９／１２～,普通,ナイター
2025/9/14,山陽,令和７年度山陽小野田市営　普通開催　９／１１～,普通,デイ
2025/9/15,伊勢崎,令和７年度伊勢崎市営　普通開催　９／１２～,普通,ナイター
2025/9/15,川口,令和７年度川口市営　普通開催　９／１５～,普通,デイ
2025/9/16,川口,令和７年度川口市営　普通開催　９／１５～,普通,デイ
2025/9/16,飯塚,令和７年度飯塚市営　飯塚ミッドナイト　９／１６～,普通,ミッドナイト
2025/9/17,川口,令和７年度川口市営　普通開催　９／１５～,普通,デイ
2025/9/17,飯塚,令和７年度飯塚市営　飯塚ミッドナイト　９／１６～,普通,ミッドナイト
2025/9/18,川口,令和７年度川口市営　普通開催　９／１５～,普通,デイ
2025/9/18,飯塚,令和７年度飯塚市営　飯塚ミッドナイト　９／１６～,普通,ミッドナイト
2025/9/19,山陽,特別ＧⅠ共同通信社杯プレミアムカップ,GI,デイ
2025/9/19,川口,令和７年度川口市営　川口ナイトレース　９／１９～,普通,ナイター
2025/9/20,山陽,特別ＧⅠ共同通信社杯プレミアムカップ,GI,デイ
2025/9/20,川口,令和７年度川口市営　川口ナイトレース　９／１９～,普通,ナイター
2025/9/21,山陽,特別ＧⅠ共同通信社杯プレミアムカップ,GI,デイ
2025/9/21,川口,令和７年度川口市営　川口ナイトレース　９／１９～,普通,ナイター
2025/9/22,伊勢崎,令和７年度伊勢崎市営　伊勢崎アフター５　９／２２～,普通,ナイター
2025/9/22,山陽,特別ＧⅠ共同通信社杯プレミアムカップ,GI,デイ
2025/9/23,伊勢崎,令和７年度伊勢崎市営　伊勢崎アフター５　９／２２～,普通,ナイター
2025/9/23,山陽,特別ＧⅠ共同通信社杯プレミアムカップ,GI,デイ
2025/9/24,伊勢崎,令和７年度伊勢崎市営　伊勢崎アフター５　９／２２～,普通,ナイター
2025/9/24,飯塚,令和７年度飯塚市営　普通開催　９／２４～,普通,デイ
2025/9/25,川口,令和７年度川口市営　普通開催　９／２５～,普通,ナイター
2025/9/25,飯塚,令和７年度飯塚市営　普通開催　９／２４～,普通,デイ
2025/9/26,川口,令和７年度川口市営　普通開催　９／２５～,普通,ナイター
2025/9/26,飯塚,令和７年度飯塚市営　普通開催　９／２４～,普通,デイ
2025/9/27,山陽,令和７年度山陽小野田市営　普通開催　９／２７～,普通,デイ
2025/9/27,川口,令和７年度川口市営　普通開催　９／２５～,普通,ナイター
2025/9/27,飯塚,令和７年度飯塚市営　オーバーミッドナイト　９／２７～,普通,ミッドナイト
2025/9/28,伊勢崎,令和７年度伊勢崎市営　普通開催　９／２８～,普通,ナイター
2025/9/28,山陽,令和７年度山陽小野田市営　普通開催　９／２７～,普通,デイ
2025/9/28,飯塚,令和７年度飯塚市営　オーバーミッドナイト　９／２７～,普通,ミッドナイト
2025/9/29,伊勢崎,令和７年度伊勢崎市営　普通開催　９／２８～,普通,ナイター
2025/9/29,山陽,令和７年度山陽小野田市営　普通開催　９／２７～,普通,デイ
2025/9/29,飯塚,令和７年度飯塚市営　オーバーミッドナイト　９／２７～,普通,ミッドナイト
2025/9/30,伊勢崎,令和７年度伊勢崎市営　普通開催　９／２８～,普通,ナイター
2025/9/30,川口,令和７年度川口市営　普通開催　９／３０～,普通,デイ
2025/10/1,伊勢崎,令和７年度伊勢崎市営　普通開催　９／２８～,普通,ナイター
2025/10/1,川口,令和７年度川口市営　普通開催　９／３０～,普通,デイ
2025/10/2,川口,令和７年度川口市営　普通開催　９／３０～,普通,デイ
2025/10/2,飯塚,令和７年度飯塚市営　普通開催　１０／２～,普通,ナイター
2025/10/3,山陽,令和７年度山陽小野田市営　普通開催　１０／３～,普通,デイ
2025/10/3,飯塚,令和７年度飯塚市営　普通開催　１０／２～,普通,ナイター
2025/10/4,山陽,令和７年度山陽小野田市営　普通開催　１０／３～,普通,デイ
2025/10/4,飯塚,令和７年度飯塚市営　普通開催　１０／２～,普通,ナイター
2025/10/5,山陽,令和７年度山陽小野田市営　普通開催　１０／３～,普通,デイ
2025/10/5,飯塚,令和７年度飯塚市営　普通開催　１０／２～,普通,ナイター
2025/10/6,川口,令和７年度川口市営　普通開催　１０／６～,普通,デイ
2025/10/6,川口2,令和７年度川口市営　川口ナイトレース　１０／６～,普通,ナイター
2025/10/7,川口,令和７年度川口市営　普通開催　１０／６～,普通,デイ
2025/10/7,川口2,令和７年度川口市営　川口ナイトレース　１０／６～,普通,ナイター
2025/10/8,川口,令和７年度川口市営　普通開催　１０／６～,普通,デイ
2025/10/8,川口2,令和７年度川口市営　川口ナイトレース　１０／６～,普通,ナイター
2025/10/9,山陽,ＧⅡ若獅子杯争奪戦,GII,デイ
2025/10/9,飯塚,令和７年度浜松市営　オーバーミッドナイト　１０／９～,普通,ミッドナイト
2025/10/10,山陽,ＧⅡ若獅子杯争奪戦,GII,デイ
2025/10/10,飯塚,令和７年度浜松市営　オーバーミッドナイト　１０／９～,普通,ミッドナイト
2025/10/11,山陽,ＧⅡ若獅子杯争奪戦,GII,デイ
2025/10/11,飯塚,令和７年度浜松市営　オーバーミッドナイト　１０／９～,普通,ミッドナイト
2025/10/12,山陽,ＧⅡ若獅子杯争奪戦,GII,デイ
2025/10/12,飯塚,令和７年度浜松市営　オーバーミッドナイト　１０／９～,普通,ミッドナイト
2025/10/13,山陽,ＧⅡ若獅子杯争奪戦,GII,デイ
2025/10/13,川口,令和７年度川口市営　川口ナイトレース　１０／１３～,普通,ナイター
2025/10/14,川口,令和７年度川口市営　川口ナイトレース　１０／１３～,普通,ナイター
2025/10/15,川口,令和７年度川口市営　川口ナイトレース　１０／１３～,普通,ナイター
2025/10/15,飯塚,令和７年度飯塚市営　普通開催　１０／１５～,普通,デイ
2025/10/16,川口,令和７年度川口市営　川口ナイトレース　１０／１３～,普通,ナイター
2025/10/16,飯塚,令和７年度飯塚市営　普通開催　１０／１５～,普通,デイ
2025/10/17,伊勢崎,令和７年度伊勢崎市営　普通開催　１０／１７～,普通,ナイター
2025/10/17,飯塚,令和７年度飯塚市営　普通開催　１０／１５～,普通,デイ
2025/10/18,伊勢崎,令和７年度伊勢崎市営　普通開催　１０／１７～,普通,ナイター
2025/10/18,山陽,令和７年度山陽小野田市営　普通開催　１０／１８～,普通,デイ
2025/10/18,飯塚,令和７年度飯塚市営　オーバーミッドナイト　１０／１８～,普通,ミッドナイト
2025/10/19,伊勢崎,令和７年度伊勢崎市営　普通開催　１０／１７～,普通,ナイター
2025/10/19,山陽,令和７年度山陽小野田市営　普通開催　１０／１８～,普通,デイ
2025/10/19,飯塚,令和７年度飯塚市営　オーバーミッドナイト　１０／１８～,普通,ミッドナイト
2025/10/20,伊勢崎,令和７年度伊勢崎市営　普通開催　１０／１７～,普通,ナイター
2025/10/20,山陽,令和７年度山陽小野田市営　普通開催　１０／１８～,普通,デイ
2025/10/20,飯塚,令和７年度飯塚市営　オーバーミッドナイト　１０／１８～,普通,ミッドナイト
2025/10/21,山陽,令和７年度山陽小野田市営　普通開催　１０／１８～,普通,デイ
2025/10/21,川口,令和７年度川口市営　川口ナイトレース　１０／２１～,普通,ナイター
2025/10/22,川口,令和７年度川口市営　川口ナイトレース　１０／２１～,普通,ナイター
2025/10/23,川口,令和７年度川口市営　川口ナイトレース　１０／２１～,普通,ナイター
2025/10/24,伊勢崎,令和７年度伊勢崎市営　伊勢崎アフター５　１０／２４～,普通,ナイター
2025/10/24,山陽,令和７年度山陽小野田市営　オーバーミッドナイト　１０／２４～,普通,ミッドナイト
2025/10/24,飯塚,令和７年度飯塚市営　普通開催　１０／２４～,普通,デイ
2025/10/25,伊勢崎,令和７年度伊勢崎市営　伊勢崎アフター５　１０／２４～,普通,ナイター
2025/10/25,山陽,令和７年度山陽小野田市営　オーバーミッドナイト　１０／２４～,普通,ミッドナイト
2025/10/25,飯塚,令和７年度飯塚市営　普通開催　１０／２４～,普通,デイ
2025/10/26,伊勢崎,令和７年度伊勢崎市営　伊勢崎アフター５　１０／２４～,普通,ナイター
2025/10/26,山陽,令和７年度山陽小野田市営　オーバーミッドナイト　１０／２４～,普通,ミッドナイト
2025/10/26,飯塚,令和７年度飯塚市営　普通開催　１０／２４～,普通,デイ
2025/10/27,伊勢崎,令和７年度伊勢崎市営　伊勢崎アフター５　１０／２４～,普通,ナイター
2025/10/27,山陽,令和７年度山陽小野田市営　オーバーミッドナイト　１０／２４～,普通,ミッドナイト
2025/10/28,川口,令和７年度川口市営　川口ナイトレース　１０／２８～,普通,ナイター
2025/10/29,川口,令和７年度川口市営　川口ナイトレース　１０／２８～,普通,ナイター
2025/10/29,飯塚,ＳＧ日本選手権オートレース,普通,デイ
2025/10/30,川口,令和７年度川口市営　川口ナイトレース　１０／２８～,普通,ナイター
2025/10/30,飯塚,ＳＧ日本選手権オートレース,普通,デイ
2025/10/31,伊勢崎,令和７年度伊勢崎市営　伊勢崎アフター５　１０／３１～,普通,ナイター
2025/10/31,飯塚,ＳＧ日本選手権オートレース,普通,デイ
2025/11/1,伊勢崎,令和７年度伊勢崎市営　伊勢崎アフター５　１０／３１～,普通,ナイター
2025/11/1,飯塚,ＳＧ日本選手権オートレース,普通,デイ
2025/11/2,伊勢崎,令和７年度伊勢崎市営　伊勢崎アフター５　１０／３１～,普通,ナイター
2025/11/2,飯塚,ＳＧ日本選手権オートレース,普通,デイ
2025/11/3,山陽,令和７年度浜松市営　山陽ミッドナイト　１１／３～,普通,ミッドナイト
2025/11/3,飯塚,ＳＧ日本選手権オートレース,普通,デイ
2025/11/4,山陽,令和７年度浜松市営　山陽ミッドナイト　１１／３～,普通,ミッドナイト
2025/11/4,川口,令和７年度川口市営　普通開催　１１／４～,普通,デイ
2025/11/5,山陽,令和７年度浜松市営　山陽ミッドナイト　１１／３～,普通,ミッドナイト
2025/11/5,川口,令和７年度川口市営　普通開催　１１／４～,普通,デイ
2025/11/6,山陽,令和７年度浜松市営　山陽ミッドナイト　１１／３～,普通,ミッドナイト
2025/11/6,川口,令和７年度川口市営　普通開催　１１／４～,普通,デイ
2025/11/7,伊勢崎,令和７年度伊勢崎市営　普通開催　１１／７～,普通,ナイター
2025/11/7,飯塚,令和７年度飯塚市営　普通開催　１１／７～,普通,デイ
2025/11/8,伊勢崎,令和７年度伊勢崎市営　普通開催　１１／７～,普通,ナイター
2025/11/8,飯塚,令和７年度飯塚市営　普通開催　１１／７～,普通,デイ
2025/11/9,伊勢崎,令和７年度伊勢崎市営　普通開催　１１／７～,普通,ナイター
2025/11/9,飯塚,令和７年度飯塚市営　普通開催　１１／７～,普通,デイ
2025/11/10,伊勢崎,令和７年度伊勢崎市営　普通開催　１１／７～,普通,ナイター
2025/11/10,飯塚,令和７年度飯塚市営　普通開催　１１／７～,普通,デイ
2025/11/11,山陽,令和７年度山陽小野田市営　山陽ミッドナイト　１１／１１～,普通,ミッドナイト
2025/11/11,飯塚,令和７年度飯塚市営　普通開催　１１／７～,普通,デイ
2025/11/12,山陽,令和７年度山陽小野田市営　山陽ミッドナイト　１１／１１～,普通,ミッドナイト
2025/11/12,川口,ＧⅡオートレースメモリアル,GII,デイ
2025/11/13,山陽,令和７年度山陽小野田市営　山陽ミッドナイト　１１／１１～,普通,ミッドナイト
2025/11/13,川口,ＧⅡオートレースメモリアル,GII,デイ
2025/11/14,川口,ＧⅡオートレースメモリアル,GII,デイ
2025/11/14,飯塚,令和７年度飯塚市営　飯塚ミッドナイト　１１／１４～,普通,ミッドナイト
2025/11/15,川口,ＧⅡオートレースメモリアル,GII,デイ
2025/11/15,飯塚,令和７年度飯塚市営　飯塚ミッドナイト　１１／１４～,普通,ミッドナイト
2025/11/16,川口,ＧⅡオートレースメモリアル,GII,デイ
2025/11/16,飯塚,令和７年度飯塚市営　飯塚ミッドナイト　１１／１４～,普通,ミッドナイト
2025/11/17,伊勢崎,令和７年度伊勢崎市営　伊勢崎アフター５　１１／１７～,普通,ナイター
2025/11/17,山陽,令和７年度山陽小野田市営　普通開催　１１／１７～,普通,デイ
2025/11/18,伊勢崎,令和７年度伊勢崎市営　伊勢崎アフター５　１１／１７～,普通,ナイター
2025/11/18,山陽,令和７年度山陽小野田市営　普通開催　１１／１７～,普通,デイ
2025/11/19,伊勢崎,令和７年度伊勢崎市営　伊勢崎アフター５　１１／１７～,普通,ナイター
2025/11/19,山陽,令和７年度山陽小野田市営　普通開催　１１／１７～,普通,デイ
2025/11/20,川口,令和７年度川口市営　川口ナイトレース　１１／２０～,普通,ナイター
2025/11/20,飯塚,ＧⅠ開設記念レース,GI,デイ
2025/11/21,川口,令和７年度川口市営　川口ナイトレース　１１／２０～,普通,ナイター
2025/11/21,飯塚,ＧⅠ開設記念レース,GI,デイ
2025/11/22,川口,令和７年度川口市営　川口ナイトレース　１１／２０～,普通,ナイター
2025/11/22,飯塚,ＧⅠ開設記念レース,GI,デイ
2025/11/23,川口,令和７年度川口市営　川口ナイトレース　１１／２０～,普通,ナイター
2025/11/23,飯塚,ＧⅠ開設記念レース,GI,デイ
2025/11/24,伊勢崎,令和７年度伊勢崎市営　伊勢崎アフター５　１１／２４～,普通,ナイター
2025/11/24,飯塚,ＧⅠ開設記念レース,GI,デイ
2025/11/25,伊勢崎,令和７年度伊勢崎市営　伊勢崎アフター５　１１／２４～,普通,ナイター
2025/11/25,山陽,令和７年度山陽小野田市営　普通開催　１１／２５～,普通,デイ
2025/11/26,伊勢崎,令和７年度伊勢崎市営　伊勢崎アフター５　１１／２４～,普通,ナイター
2025/11/26,山陽,令和７年度山陽小野田市営　普通開催　１１／２５～,普通,デイ
2025/11/27,伊勢崎,令和７年度伊勢崎市営　伊勢崎アフター５　１１／２４～,普通,ナイター
2025/11/27,山陽,令和７年度山陽小野田市営　普通開催　１１／２５～,普通,デイ
2025/11/28,飯塚,令和７年度飯塚市営　普通開催　１１／２８～,普通,ナイター
2025/11/29,浜松,令和７年度浜松市営　普通開催　１１／２９～,普通,デイ
2025/11/29,飯塚,令和７年度飯塚市営　普通開催　１１／２８～,普通,ナイター
2025/11/30,浜松,令和７年度浜松市営　普通開催　１１／２９～,普通,デイ
2025/11/30,飯塚,令和７年度飯塚市営　普通開催　１１／２８～,普通,ナイター
2025/12/1,山陽,令和７年度山陽小野田市営　山陽ミッドナイト　１２／１～,普通,ミッドナイト
2025/12/1,浜松,令和７年度浜松市営　普通開催　１１／２９～,普通,デイ
2025/12/2,山陽,令和７年度山陽小野田市営　山陽ミッドナイト　１２／１～,普通,ミッドナイト
2025/12/2,浜松,令和７年度浜松市営　普通開催　１１／２９～,普通,デイ
2025/12/3,伊勢崎,ＧⅡレジェンドカップ,GII,デイ
2025/12/3,山陽,令和７年度山陽小野田市営　山陽ミッドナイト　１２／１～,普通,ミッドナイト
2025/12/4,伊勢崎,ＧⅡレジェンドカップ,GII,デイ
2025/12/4,飯塚,令和７年度飯塚市営　飯塚ミッドナイト　１２／４～,普通,ミッドナイト
2025/12/5,伊勢崎,ＧⅡレジェンドカップ,GII,デイ
2025/12/5,飯塚,令和７年度飯塚市営　飯塚ミッドナイト　１２／４～,普通,ミッドナイト
2025/12/6,伊勢崎,ＧⅡレジェンドカップ,GII,デイ
2025/12/6,飯塚,令和７年度飯塚市営　飯塚ミッドナイト　１２／４～,普通,ミッドナイト
2025/12/7,伊勢崎,ＧⅡレジェンドカップ,GII,デイ
2025/12/7,飯塚,令和７年度飯塚市営　飯塚ミッドナイト　１２／４～,普通,ミッドナイト
2025/12/8,山陽,令和７年度山陽小野田市営　普通開催　１２／８～,普通,デイ
2025/12/8,川口,令和７年度川口市営　川口ナイトレース　１２／８～,普通,ナイター
2025/12/9,山陽,令和７年度山陽小野田市営　普通開催　１２／８～,普通,デイ
2025/12/9,川口,令和７年度川口市営　川口ナイトレース　１２／８～,普通,ナイター
2025/12/10,山陽,令和７年度山陽小野田市営　普通開催　１２／８～,普通,デイ
2025/12/10,川口,令和７年度川口市営　川口ナイトレース　１２／８～,普通,ナイター
2025/12/11,川口,令和７年度川口市営　川口ナイトレース　１２／８～,普通,ナイター
2025/12/11,浜松,令和７年度浜松市営　普通開催　１２／１１～,普通,デイ
2025/12/12,浜松,令和７年度浜松市営　普通開催　１２／１１～,普通,デイ
2025/12/12,飯塚,令和７年度飯塚市営　普通開催　１２／１２～,普通,ナイター
2025/12/13,浜松,令和７年度浜松市営　普通開催　１２／１１～,普通,デイ
2025/12/13,飯塚,令和７年度飯塚市営　普通開催　１２／１２～,普通,ナイター
2025/12/14,伊勢崎,令和７年度伊勢崎市営　普通開催　１２／１４～,普通,デイ
2025/12/14,飯塚,令和７年度飯塚市営　普通開催　１２／１２～,普通,ナイター
2025/12/15,伊勢崎,令和７年度伊勢崎市営　普通開催　１２／１４～,普通,デイ
2025/12/15,飯塚,令和７年度飯塚市営　飯塚ミッドナイト　１２／１５～,普通,ミッドナイト
2025/12/16,伊勢崎,令和７年度伊勢崎市営　普通開催　１２／１４～,普通,デイ
2025/12/16,飯塚,令和７年度飯塚市営　飯塚ミッドナイト　１２／１５～,普通,ミッドナイト
2025/12/17,浜松,ＧⅠスピード王決定戦,GI,デイ
2025/12/17,飯塚,令和７年度飯塚市営　飯塚ミッドナイト　１２／１５～,普通,ミッドナイト
2025/12/18,川口,令和７年度川口市営　川口ナイトレース　１２／１８～,普通,ナイター
2025/12/18,浜松,ＧⅠスピード王決定戦,GI,デイ
2025/12/19,川口,令和７年度川口市営　川口ナイトレース　１２／１８～,普通,ナイター
2025/12/19,浜松,ＧⅠスピード王決定戦,GI,デイ
2025/12/20,川口,令和７年度川口市営　川口ナイトレース　１２／１８～,普通,ナイター
2025/12/20,浜松,ＧⅠスピード王決定戦,GI,デイ
2025/12/21,浜松,ＧⅠスピード王決定戦,GI,デイ
2025/12/21,飯塚,令和７年度飯塚市営　飯塚ミッドナイト　１２／２１～,普通,ミッドナイト
2025/12/22,飯塚,令和７年度飯塚市営　飯塚ミッドナイト　１２／２１～,普通,ミッドナイト
2025/12/23,山陽,令和７年度山陽小野田市営　普通開催　１２／２３～,普通,デイ
2025/12/23,飯塚,令和７年度飯塚市営　飯塚ミッドナイト　１２／２１～,普通,ミッドナイト
2025/12/24,伊勢崎,令和７年度伊勢崎市営　伊勢崎アフター５　１２／２４～,普通,ナイター
2025/12/24,山陽,令和７年度山陽小野田市営　普通開催　１２／２３～,普通,デイ
2025/12/25,伊勢崎,令和７年度伊勢崎市営　伊勢崎アフター５　１２／２４～,普通,ナイター
2025/12/25,山陽,令和７年度山陽小野田市営　普通開催　１２／２３～,普通,デイ
2025/12/26,伊勢崎,令和７年度伊勢崎市営　伊勢崎アフター５　１２／２４～,普通,ナイター
2025/12/26,山陽,令和７年度山陽小野田市営　普通開催　１２／２３～,普通,デイ
2025/12/27,川口,スーパースターフェスタ,普通,デイ
2025/12/27,飯塚,令和７年度飯塚市営　飯塚ミッドナイト　１２／２７～,普通,ミッドナイト
2025/12/28,川口,スーパースターフェスタ,普通,デイ
2025/12/28,飯塚,令和７年度飯塚市営　飯塚ミッドナイト　１２／２７～,普通,ミッドナイト
2025/12/29,川口,スーパースターフェスタ,普通,デイ
2025/12/29,飯塚,令和７年度飯塚市営　飯塚ミッドナイト　１２／２７～,普通,ミッドナイト
2025/12/30,川口,スーパースターフェスタ,普通,デイ
2025/12/30,飯塚,令和７年度飯塚市営　飯塚ミッドナイト　１２／２７～,普通,ミッドナイト
2025/12/31,川口,スーパースターフェスタ,普通,デイ
2025/12/31,飯塚,令和７年度飯塚市営　飯塚ミッドナイト　１２／２７～,普通,ミッドナイト
2026/1/1,山陽,令和７年度山陽小野田市営　山陽ミッドナイト　１／１～,普通,ミッドナイト
2026/1/1,浜松,令和７年度浜松市営　普通開催　１／１～,普通,デイ
2026/1/2,山陽,令和７年度山陽小野田市営　山陽ミッドナイト　１／１～,普通,ミッドナイト
2026/1/2,川口,令和７年度川口市営　普通開催　１／２～,普通,デイ
2026/1/2,浜松,令和７年度浜松市営　普通開催　１／１～,普通,デイ
2026/1/3,山陽,令和７年度山陽小野田市営　山陽ミッドナイト　１／１～,普通,ミッドナイト
2026/1/3,川口,令和７年度川口市営　普通開催　１／２～,普通,デイ
2026/1/3,浜松,令和７年度浜松市営　普通開催　１／１～,普通,デイ
2026/1/4,山陽,令和７年度山陽小野田市営　山陽ミッドナイト　１／１～,普通,ミッドナイト
2026/1/4,川口,令和７年度川口市営　普通開催　１／２～,普通,デイ
2026/1/4,浜松,令和７年度浜松市営　普通開催　１／１～,普通,デイ
2026/1/5,川口,令和７年度川口市営　普通開催　１／２～,普通,デイ
2026/1/5,飯塚,令和７年度飯塚市営　普通開催　１／５～,普通,ナイター
2026/1/6,飯塚,令和７年度飯塚市営　普通開催　１／５～,普通,ナイター
2026/1/7,飯塚,令和７年度飯塚市営　普通開催　１／５～,普通,ナイター
2026/1/8,伊勢崎,ＧⅠ開場記念シルクカップ,GI,デイ
2026/1/8,飯塚,令和７年度飯塚市営　飯塚ミッドナイト　１／８～,普通,ミッドナイト
2026/1/9,伊勢崎,ＧⅠ開場記念シルクカップ,GI,デイ
2026/1/9,飯塚,令和７年度飯塚市営　飯塚ミッドナイト　１／８～,普通,ミッドナイト
2026/1/10,伊勢崎,ＧⅠ開場記念シルクカップ,GI,デイ
2026/1/10,飯塚,令和７年度飯塚市営　飯塚ミッドナイト　１／８～,普通,ミッドナイト
2026/1/11,伊勢崎,ＧⅠ開場記念シルクカップ,GI,デイ
2026/1/11,山陽,令和７年度山陽小野田市営　山陽ミッドナイト　１／１１～,普通,ミッドナイト
2026/1/12,伊勢崎,ＧⅠ開場記念シルクカップ,GI,デイ
2026/1/12,山陽,令和７年度山陽小野田市営　山陽ミッドナイト　１／１１～,普通,ミッドナイト
2026/1/13,山陽,令和７年度山陽小野田市営　山陽ミッドナイト　１／１１～,普通,ミッドナイト
2026/1/14,山陽,令和７年度山陽小野田市営　山陽ミッドナイト　１／１１～,普通,ミッドナイト
2026/1/14,浜松,令和７年度浜松市営　普通開催　１／１４～,普通,デイ
2026/1/15,浜松,令和７年度浜松市営　普通開催　１／１４～,普通,デイ
2026/1/15,飯塚,令和７年度飯塚市営　普通開催　１／１５～,普通,ナイター
2026/1/16,浜松,令和７年度浜松市営　普通開催　１／１４～,普通,デイ
2026/1/16,飯塚,令和７年度飯塚市営　普通開催　１／１５～,普通,ナイター
2026/1/17,浜松,令和７年度浜松市営　普通開催　１／１４～,普通,デイ
2026/1/17,飯塚,令和７年度飯塚市営　普通開催　１／１５～,普通,ナイター
2026/1/18,伊勢崎,令和７年度伊勢崎市営　普通開催　１／１８～,普通,デイ
2026/1/18,飯塚,令和７年度飯塚市営　普通開催　１／１５～,普通,ナイター
2026/1/19,伊勢崎,令和７年度伊勢崎市営　普通開催　１／１８～,普通,デイ
2026/1/19,山陽,令和７年度浜松市営　山陽ミッドナイト　１／１９～,普通,ミッドナイト
2026/1/20,伊勢崎,令和７年度伊勢崎市営　普通開催　１／１８～,普通,デイ
2026/1/20,山陽,令和７年度浜松市営　山陽ミッドナイト　１／１９～,普通,ミッドナイト
2026/1/21,山陽,令和７年度浜松市営　山陽ミッドナイト　１／１９～,普通,ミッドナイト
2026/1/21,飯塚,ＧⅡオーバルチャンピオンカップ,GII,デイ
2026/1/22,山陽,令和７年度浜松市営　山陽ミッドナイト　１／１９～,普通,ミッドナイト
2026/1/22,飯塚,ＧⅡオーバルチャンピオンカップ,GII,デイ
2026/1/23,川口,令和７年度川口市営　川口ナイトレース　１／２３～,普通,ナイター
2026/1/23,飯塚,ＧⅡオーバルチャンピオンカップ,GII,デイ
2026/1/24,川口,令和７年度川口市営　川口ナイトレース　１／２３～,普通,ナイター
2026/1/24,飯塚,ＧⅡオーバルチャンピオンカップ,GII,デイ
2026/1/25,川口,令和７年度川口市営　川口ナイトレース　１／２３～,普通,ナイター
2026/1/25,飯塚,ＧⅡオーバルチャンピオンカップ,GII,デイ
2026/1/26,伊勢崎,令和７年度伊勢崎市営　伊勢崎アフター５　１／２６～,普通,ナイター
2026/1/26,山陽,令和７年度山陽小野田市営　普通開催　１／２６～,普通,デイ
2026/1/27,伊勢崎,令和７年度伊勢崎市営　伊勢崎アフター５　１／２６～,普通,ナイター
2026/1/27,山陽,令和７年度山陽小野田市営　普通開催　１／２６～,普通,デイ
2026/1/28,伊勢崎,令和７年度伊勢崎市営　伊勢崎アフター５　１／２６～,普通,ナイター
2026/1/28,山陽,令和７年度山陽小野田市営　普通開催　１／２６～,普通,デイ
2026/1/29,川口,令和７年度川口市営　普通開催　１／２９～,普通,デイ
2026/1/29,飯塚,令和７年度飯塚市営　普通開催　１／２９～,普通,ナイター
2026/1/30,川口,令和７年度川口市営　普通開催　１／２９～,普通,デイ
2026/1/30,飯塚,令和７年度飯塚市営　普通開催　１／２９～,普通,ナイター
2026/1/31,川口,令和７年度川口市営　普通開催　１／２９～,普通,デイ
2026/1/31,飯塚,令和７年度飯塚市営　普通開催　１／２９～,普通,ナイター
2026/2/1,伊勢崎,令和７年度伊勢崎市営　普通開催　２／１～,普通,デイ
2026/2/1,飯塚,令和７年度飯塚市営　飯塚ミッドナイト　２／１～,普通,ミッドナイト
2026/2/2,伊勢崎,令和７年度伊勢崎市営　普通開催　２／１～,普通,デイ
2026/2/2,飯塚,令和７年度飯塚市営　飯塚ミッドナイト　２／１～,普通,ミッドナイト
2026/2/3,伊勢崎,令和７年度伊勢崎市営　普通開催　２／１～,普通,デイ
2026/2/3,飯塚,令和７年度飯塚市営　飯塚ミッドナイト　２／１～,普通,ミッドナイト
2026/2/4,川口,令和７年度川口市営　普通開催　２／４～,普通,デイ
2026/2/4,川口2,令和７年度川口市営　川口ナイトレース　２／４～,普通,ナイター
2026/2/5,川口,令和７年度川口市営　普通開催　２／４～,普通,デイ
2026/2/5,川口2,令和７年度川口市営　川口ナイトレース　２／４～,普通,ナイター
2026/2/6,川口,令和７年度川口市営　普通開催　２／４～,普通,デイ
2026/2/6,川口2,令和７年度川口市営　川口ナイトレース　２／４～,普通,ナイター
2026/2/7,山陽,ＧⅠスピード王決定戦,GI,デイ
2026/2/7,飯塚,令和７年度飯塚市営　飯塚ミッドナイト　２／７～,普通,ミッドナイト
2026/2/8,山陽,ＧⅠスピード王決定戦,GI,デイ
2026/2/8,飯塚,令和７年度飯塚市営　飯塚ミッドナイト　２／７～,普通,ミッドナイト
2026/2/9,山陽,ＧⅠスピード王決定戦,GI,デイ
2026/2/9,飯塚,令和７年度飯塚市営　飯塚ミッドナイト　２／７～,普通,ミッドナイト
2026/2/10,山陽,ＧⅠスピード王決定戦,GI,デイ
2026/2/10,飯塚,令和７年度飯塚市営　飯塚ミッドナイト　２／７～,普通,ミッドナイト
2026/2/11,山陽,ＧⅠスピード王決定戦,GI,デイ
2026/2/11,川口,令和７年度川口市営　川口ナイトレース　２／１１～,普通,ナイター
2026/2/12,川口,令和７年度川口市営　川口ナイトレース　２／１１～,普通,ナイター
2026/2/12,浜松,令和７年度浜松市営　普通開催　２／１２～,普通,デイ
2026/2/13,川口,令和７年度川口市営　川口ナイトレース　２／１１～,普通,ナイター
2026/2/13,浜松,令和７年度浜松市営　普通開催　２／１２～,普通,デイ
2026/2/14,浜松,令和７年度浜松市営　普通開催　２／１２～,普通,デイ
2026/2/14,飯塚,令和７年度飯塚市営　飯塚ミッドナイト　２／１４～,普通,ミッドナイト
2026/2/15,伊勢崎,令和７年度伊勢崎市営　普通開催　２／１５～,普通,デイ
2026/2/15,飯塚,令和７年度飯塚市営　飯塚ミッドナイト　２／１４～,普通,ミッドナイト
2026/2/16,伊勢崎,令和７年度伊勢崎市営　普通開催　２／１５～,普通,デイ
2026/2/16,飯塚,令和７年度飯塚市営　飯塚ミッドナイト　２／１４～,普通,ミッドナイト
2026/2/17,伊勢崎,令和７年度伊勢崎市営　普通開催　２／１５～,普通,デイ
2026/2/17,飯塚,令和７年度飯塚市営　飯塚ミッドナイト　２／１４～,普通,ミッドナイト
2026/2/18,川口,令和７年度川口市営　川口ナイトレース　２／１８～,普通,ナイター
2026/2/18,浜松,ＳＧ全日本選抜オートレース,普通,デイ
2026/2/19,川口,令和７年度川口市営　川口ナイトレース　２／１８～,普通,ナイター
2026/2/19,浜松,ＳＧ全日本選抜オートレース,普通,デイ
2026/2/20,川口,令和７年度川口市営　川口ナイトレース　２／１８～,普通,ナイター
2026/2/20,浜松,ＳＧ全日本選抜オートレース,普通,デイ
2026/2/21,浜松,ＳＧ全日本選抜オートレース,普通,デイ
2026/2/21,飯塚,令和７年度飯塚市営　飯塚ミッドナイト　２／２１～,普通,ミッドナイト
2026/2/22,浜松,ＳＧ全日本選抜オートレース,普通,デイ
2026/2/22,飯塚,令和７年度飯塚市営　飯塚ミッドナイト　２／２１～,普通,ミッドナイト
2026/2/23,浜松,ＳＧ全日本選抜オートレース,普通,デイ
2026/2/23,飯塚,令和７年度飯塚市営　飯塚ミッドナイト　２／２１～,普通,ミッドナイト
2026/2/24,伊勢崎,令和７年度伊勢崎市営　伊勢崎アフター５　２／２４～,普通,ナイター
2026/2/24,川口,令和７年度川口市営　普通開催　２／２４～,普通,デイ
2026/2/25,伊勢崎,令和７年度伊勢崎市営　伊勢崎アフター５　２／２４～,普通,ナイター
2026/2/25,川口,令和７年度川口市営　普通開催　２／２４～,普通,デイ
2026/2/26,伊勢崎,令和７年度伊勢崎市営　伊勢崎アフター５　２／２４～,普通,ナイター
2026/2/26,川口,令和７年度川口市営　普通開催　２／２４～,普通,デイ
2026/2/27,伊勢崎,令和７年度伊勢崎市営　伊勢崎アフター５　２／２４～,普通,ナイター
2026/2/28,山陽,令和７年度山陽小野田市営　普通開催　２／２８～,普通,ナイター
2026/2/28,浜松,令和７年度浜松市営　浜松アーリーレース　２／２８～,普通,モーニング
2026/2/28,飯塚,令和７年度飯塚市営　オーバーミッドナイト　２／２８～,普通,ミッドナイト
2026/3/1,山陽,令和７年度山陽小野田市営　普通開催　２／２８～,普通,ナイター
2026/3/1,浜松,令和７年度浜松市営　浜松アーリーレース　２／２８～,普通,モーニング
2026/3/1,飯塚,令和７年度飯塚市営　オーバーミッドナイト　２／２８～,普通,ミッドナイト
2026/3/2,山陽,令和７年度山陽小野田市営　普通開催　２／２８～,普通,ナイター
2026/3/2,浜松,令和７年度浜松市営　浜松アーリーレース　２／２８～,普通,モーニング
2026/3/2,飯塚,令和７年度飯塚市営　オーバーミッドナイト　２／２８～,普通,ミッドナイト
2026/3/3,山陽,令和７年度山陽小野田市営　普通開催　２／２８～,普通,ナイター
2026/3/3,浜松,令和７年度浜松市営　浜松アーリーレース　２／２８～,普通,モーニング
2026/3/3,飯塚,令和７年度飯塚市営　オーバーミッドナイト　２／２８～,普通,ミッドナイト
2026/3/4,山陽,令和７年度山陽小野田市営　山陽ミッドナイト　３／４～,普通,ミッドナイト
2026/3/4,川口,ＧⅠ開設記念グランプリレース,GI,デイ
2026/3/5,山陽,令和７年度山陽小野田市営　山陽ミッドナイト　３／４～,普通,ミッドナイト
2026/3/5,川口,ＧⅠ開設記念グランプリレース,GI,デイ
2026/3/6,山陽,令和７年度山陽小野田市営　山陽ミッドナイト　３／４～,普通,ミッドナイト
2026/3/6,川口,ＧⅠ開設記念グランプリレース,GI,デイ
2026/3/7,川口,ＧⅠ開設記念グランプリレース,GI,デイ
2026/3/7,飯塚,令和７年度飯塚市営　飯塚ミッドナイト　３／７～,普通,ミッドナイト
2026/3/8,川口,ＧⅠ開設記念グランプリレース,GI,デイ
2026/3/8,飯塚,令和７年度飯塚市営　飯塚ミッドナイト　３／７～,普通,ミッドナイト
2026/3/9,伊勢崎,令和７年度伊勢崎市営　普通開催　３／９～,普通,デイ
2026/3/9,飯塚,令和７年度飯塚市営　飯塚ミッドナイト　３／７～,普通,ミッドナイト
2026/3/10,伊勢崎,令和７年度伊勢崎市営　普通開催　３／９～,普通,デイ
2026/3/10,山陽,令和７年度山陽小野田市営　山陽ミッドナイト　３／１０～,普通,ミッドナイト
2026/3/11,伊勢崎,令和７年度伊勢崎市営　普通開催　３／９～,普通,デイ
2026/3/11,山陽,令和７年度山陽小野田市営　山陽ミッドナイト　３／１０～,普通,ミッドナイト
2026/3/12,山陽,令和７年度山陽小野田市営　山陽ミッドナイト　３／１０～,普通,ミッドナイト
2026/3/12,浜松,令和７年度浜松市営　普通開催　３／１２～,普通,デイ
2026/3/13,浜松,令和７年度浜松市営　普通開催　３／１２～,普通,デイ
2026/3/13,飯塚,令和７年度飯塚市営　普通開催　３／１３～,普通,ナイター
2026/3/14,浜松,令和７年度浜松市営　普通開催　３／１２～,普通,デイ
2026/3/14,飯塚,令和７年度飯塚市営　普通開催　３／１３～,普通,ナイター
2026/3/15,伊勢崎,令和７年度伊勢崎市営　普通開催　３／１５～,普通,デイ
2026/3/15,飯塚,令和７年度飯塚市営　普通開催　３／１３～,普通,ナイター
2026/3/16,伊勢崎,令和７年度伊勢崎市営　普通開催　３／１５～,普通,デイ
2026/3/16,山陽,令和７年度山陽小野田市営　山陽ミッドナイト　３／１６～,普通,ミッドナイト
2026/3/17,伊勢崎,令和７年度伊勢崎市営　普通開催　３／１５～,普通,デイ
2026/3/17,山陽,令和７年度山陽小野田市営　山陽ミッドナイト　３／１６～,普通,ミッドナイト
2026/3/18,山陽,令和７年度山陽小野田市営　山陽ミッドナイト　３／１６～,普通,ミッドナイト
2026/3/18,浜松,特別ＧⅠ共同通信社杯プレミアムカップ,GI,デイ
2026/3/19,浜松,特別ＧⅠ共同通信社杯プレミアムカップ,GI,デイ
2026/3/19,飯塚,令和７年度飯塚市営　飯塚ミッドナイト　３／１９～,普通,ミッドナイト
2026/3/20,浜松,特別ＧⅠ共同通信社杯プレミアムカップ,GI,デイ
2026/3/20,飯塚,令和７年度飯塚市営　飯塚ミッドナイト　３／１９～,普通,ミッドナイト
2026/3/21,浜松,特別ＧⅠ共同通信社杯プレミアムカップ,GI,デイ
2026/3/21,飯塚,令和７年度飯塚市営　飯塚ミッドナイト　３／１９～,普通,ミッドナイト
2026/3/22,浜松,特別ＧⅠ共同通信社杯プレミアムカップ,GI,デイ
2026/3/22,飯塚,令和７年度飯塚市営　飯塚ミッドナイト　３／１９～,普通,ミッドナイト
2026/3/23,伊勢崎,令和７年度伊勢崎市営　普通開催　３／２３～,普通,デイ
2026/3/23,山陽,令和７年度山陽小野田市営　山陽ミッドナイト　３／２３～,普通,ミッドナイト
2026/3/24,伊勢崎,令和７年度伊勢崎市営　普通開催　３／２３～,普通,デイ
2026/3/24,山陽,令和７年度山陽小野田市営　山陽ミッドナイト　３／２３～,普通,ミッドナイト
2026/3/25,伊勢崎,令和７年度伊勢崎市営　普通開催　３／２３～,普通,デイ
2026/3/25,山陽,令和７年度山陽小野田市営　山陽ミッドナイト　３／２３～,普通,ミッドナイト
2026/3/26,山陽,令和７年度山陽小野田市営　山陽ミッドナイト　３／２３～,普通,ミッドナイト
2026/3/26,川口,令和７年度川口市営　普通開催　３／２６～,普通,デイ
2026/3/27,川口,令和７年度川口市営　普通開催　３／２６～,普通,デイ
2026/3/27,飯塚,ＧⅡミッドナイトチャンピオンカップ,GII,ミッドナイト
2026/3/28,川口,令和７年度川口市営　普通開催　３／２６～,普通,デイ
2026/3/28,飯塚,ＧⅡミッドナイトチャンピオンカップ,GII,ミッドナイト
2026/3/29,浜松,令和７年度浜松市営　普通開催　３／２９～,普通,デイ
2026/3/29,飯塚,ＧⅡミッドナイトチャンピオンカップ,GII,ミッドナイト
2026/3/30,浜松,令和７年度浜松市営　普通開催　３／２９～,普通,デイ
2026/3/30,飯塚,ＧⅡミッドナイトチャンピオンカップ,GII,ミッドナイト
2026/3/31,浜松,令和７年度浜松市営　普通開催　３／２９～,普通,デイ
2026/3/31,飯塚,ＧⅡミッドナイトチャンピオンカップ,GII,ミッドナイト
2026/4/1,山陽,令和８年度山陽小野田市営　山陽ミッドナイト　４／１～,普通,ミッドナイト
2026/4/2,伊勢崎,令和８年度伊勢崎市営　普通開催　４／２～,普通,デイ
2026/4/2,山陽,令和８年度山陽小野田市営　山陽ミッドナイト　４／１～,普通,ミッドナイト
2026/4/3,伊勢崎,令和８年度伊勢崎市営　普通開催　４／２～,普通,デイ
2026/4/3,山陽,令和８年度山陽小野田市営　山陽ミッドナイト　４／１～,普通,ミッドナイト
2026/4/4,伊勢崎,令和８年度伊勢崎市営　普通開催　４／２～,普通,デイ
2026/4/4,飯塚,令和８年度飯塚市営　普通開催　４／４～,普通,ナイター
2026/4/5,川口,令和８年度川口市営　普通開催　４／５～,普通,デイ
2026/4/5,飯塚,令和８年度飯塚市営　普通開催　４／４～,普通,ナイター
2026/4/6,川口,令和８年度川口市営　普通開催　４／５～,普通,デイ
2026/4/6,飯塚,令和８年度飯塚市営　普通開催　４／４～,普通,ナイター
2026/4/7,川口,令和８年度川口市営　普通開催　４／５～,普通,デイ
2026/4/7,飯塚,令和８年度飯塚市営　普通開催　４／４～,普通,ナイター
2026/4/8,山陽,ＧⅠ令和グランドチャンピオンカップ,GI,デイ
2026/4/8,飯塚,令和８年度飯塚市営　飯塚ミッドナイト　４／８～,普通,ミッドナイト
2026/4/9,山陽,ＧⅠ令和グランドチャンピオンカップ,GI,デイ
2026/4/9,飯塚,令和８年度飯塚市営　飯塚ミッドナイト　４／８～,普通,ミッドナイト
2026/4/10,山陽,ＧⅠ令和グランドチャンピオンカップ,GI,デイ
2026/4/10,飯塚,令和８年度飯塚市営　飯塚ミッドナイト　４／８～,普通,ミッドナイト
2026/4/11,山陽,ＧⅠ令和グランドチャンピオンカップ,GI,デイ
2026/4/11,川口,令和８年度川口市営　川口ナイトレース　４／１１～,普通,ナイター
2026/4/12,山陽,ＧⅠ令和グランドチャンピオンカップ,GI,デイ
2026/4/12,川口,令和８年度川口市営　川口ナイトレース　４／１１～,普通,ナイター
2026/4/13,伊勢崎,令和８年度伊勢崎市営　普通開催　４／１３～,普通,デイ
2026/4/13,川口,令和８年度川口市営　川口ナイトレース　４／１１～,普通,ナイター
2026/4/14,伊勢崎,令和８年度伊勢崎市営　普通開催　４／１３～,普通,デイ
2026/4/14,飯塚,令和８年度飯塚市営　飯塚ミッドナイト　４／１４～,普通,ミッドナイト
2026/4/15,伊勢崎,令和８年度伊勢崎市営　普通開催　４／１３～,普通,デイ
2026/4/15,飯塚,令和８年度飯塚市営　飯塚ミッドナイト　４／１４～,普通,ミッドナイト
2026/4/16,浜松,令和８年度浜松市営　普通開催　４／１６～,普通,デイ
2026/4/16,飯塚,令和８年度飯塚市営　飯塚ミッドナイト　４／１４～,普通,ミッドナイト
2026/4/17,浜松,令和８年度浜松市営　普通開催　４／１６～,普通,デイ
2026/4/17,飯塚,令和８年度飯塚市営　飯塚ミッドナイト　４／１４～,普通,ミッドナイト
2026/4/18,川口,令和８年度川口市営　普通開催　４／１８～,普通,ナイター
2026/4/18,浜松,令和８年度浜松市営　普通開催　４／１６～,普通,デイ
2026/4/19,川口,令和８年度川口市営　普通開催　４／１８～,普通,ナイター
2026/4/19,浜松,令和８年度浜松市営　普通開催　４／１６～,普通,デイ
2026/4/20,川口,令和８年度川口市営　普通開催　４／１８～,普通,ナイター
2026/4/21,山陽,令和８年度山陽小野田市営　普通開催　４／２１～,普通,デイ
2026/4/21,川口,令和８年度川口市営　川口ナイトレース　４／２１～,普通,ナイター
2026/4/22,山陽,令和８年度山陽小野田市営　普通開催　４／２１～,普通,デイ
2026/4/22,川口,令和８年度川口市営　川口ナイトレース　４／２１～,普通,ナイター
2026/4/23,山陽,令和８年度山陽小野田市営　普通開催　４／２１～,普通,デイ
2026/4/23,川口,令和８年度川口市営　川口ナイトレース　４／２１～,普通,ナイター
2026/4/24,山陽,令和８年度山陽小野田市営　オーバーミッドナイト　４／２４～,普通,ミッドナイト
2026/4/24,飯塚,ＳＧオールスター・オートレース,普通,ナイター
2026/4/25,山陽,令和８年度山陽小野田市営　オーバーミッドナイト　４／２４～,普通,ミッドナイト
2026/4/25,浜松,令和８年度浜松市営　浜松アーリーレース　４／２５～,普通,モーニング
2026/4/25,飯塚,ＳＧオールスター・オートレース,普通,ナイター
2026/4/26,山陽,令和８年度山陽小野田市営　オーバーミッドナイト　４／２４～,普通,ミッドナイト
2026/4/26,浜松,令和８年度浜松市営　浜松アーリーレース　４／２５～,普通,モーニング
2026/4/26,飯塚,ＳＧオールスター・オートレース,普通,ナイター
2026/4/27,浜松,令和８年度浜松市営　浜松アーリーレース　４／２５～,普通,モーニング
2026/4/27,飯塚,ＳＧオールスター・オートレース,普通,ナイター
2026/4/28,飯塚,ＳＧオールスター・オートレース,普通,ナイター
2026/4/29,飯塚,ＳＧオールスター・オートレース,普通,ナイター
2026/4/30,伊勢崎,令和８年度伊勢崎市営　普通開催　４／３０～,普通,ナイター
2026/4/30,山陽,令和８年度山陽小野田市営　普通開催　４／３０～,普通,デイ
